spring-beans/org/springframework/beans/AbstractNestablePropertyAccessor.java,624,pmd:NcssCount
spring-beans/org/springframework/beans/TypeConverterDelegate.java,117,pmd:NcssCount
spring-beans/org/springframework/beans/factory/annotation/AutowiredAnnotationBeanPostProcessor.java,365,pmd:NcssCount
spring-beans/org/springframework/beans/factory/support/AbstractAutowireCapableBeanFactory.java,719,pmd:NcssCount
spring-beans/org/springframework/beans/factory/support/AbstractBeanFactory.java,242,pmd:NcssCount
spring-beans/org/springframework/beans/factory/support/AbstractBeanFactory.java,531,pmd:NcssCount
spring-beans/org/springframework/beans/factory/support/BeanDefinitionValueResolver.java,131,pmd:NcssCount
spring-beans/org/springframework/beans/factory/support/ConstructorResolver.java,135,pmd:NcssCount
spring-beans/org/springframework/beans/factory/support/ConstructorResolver.java,397,pmd:NcssCount
spring-beans/org/springframework/beans/factory/support/DefaultListableBeanFactory.java,1658,pmd:NcssCount
spring-beans/org/springframework/beans/factory/support/DefaultSingletonBeanRegistry.java,257,pmd:NcssCount
spring-beans/org/springframework/beans/factory/support/PropertiesBeanDefinitionReader.java,415,pmd:NcssCount
spring-beans/org/springframework/beans/factory/xml/BeanDefinitionParserDelegate.java,1171,pmd:NcssCount
spring-context/org/springframework/context/annotation/ConfigurationClassBeanDefinitionReader.java,185,pmd:NcssCount
spring-context/org/springframework/context/support/PostProcessorRegistrationDelegate.java,68,pmd:NcssCount
spring-context/org/springframework/scheduling/annotation/ScheduledAnnotationBeanPostProcessor.java,405,pmd:NcssCount
spring-context/org/springframework/validation/DataBinder.java,921,pmd:NcssCount
spring-context/org/springframework/validation/beanvalidation/MethodValidationAdapter.java,298,pmd:NcssCount
spring-core/org/springframework/asm/AnnotationWriter.java,190,pmd:NcssCount
spring-core/org/springframework/asm/ClassReader.java,44,pmd:NcssCount
spring-core/org/springframework/asm/ClassReader.java,448,pmd:NcssCount
spring-core/org/springframework/asm/ClassReader.java,774,pmd:NcssCount
spring-core/org/springframework/asm/ClassReader.java,897,pmd:NcssCount
spring-core/org/springframework/asm/ClassReader.java,1071,pmd:NcssCount
spring-core/org/springframework/asm/ClassReader.java,1255,pmd:NcssCount
spring-core/org/springframework/asm/ClassReader.java,1538,pmd:NcssCount
spring-core/org/springframework/asm/ClassReader.java,2879,pmd:NcssCount
spring-core/org/springframework/asm/ClassReader.java,3042,pmd:NcssCount
spring-core/org/springframework/asm/ClassReader.java,3297,pmd:NcssCount
spring-core/org/springframework/asm/ClassWriter.java,489,pmd:NcssCount
spring-core/org/springframework/asm/Frame.java,691,pmd:NcssCount
spring-core/org/springframework/asm/MethodWriter.java,733,pmd:NcssCount
spring-core/org/springframework/asm/MethodWriter.java,1860,pmd:NcssCount
spring-core/org/springframework/asm/MethodWriter.java,2181,pmd:NcssCount
spring-core/org/springframework/asm/SymbolTable.java,161,pmd:NcssCount
spring-core/org/springframework/cglib/core/KeyFactory.java,255,pmd:NcssCount
spring-core/org/springframework/cglib/proxy/Enhancer.java,1198,pmd:NcssCount
spring-core/org/springframework/core/ResolvableType.java,300,pmd:NcssCount
spring-core/org/springframework/core/io/support/PathMatchingResourcePatternResolver.java,687,pmd:NcssCount
spring-core/org/springframework/core/io/support/PathMatchingResourcePatternResolver.java,867,pmd:NcssCount
spring-core/org/springframework/util/AntPathMatcher.java,211,pmd:NcssCount
spring-expression/org/springframework/expression/spel/ast/Indexer.java,181,pmd:NcssCount
spring-expression/org/springframework/expression/spel/ast/Indexer.java,341,pmd:NcssCount
spring-expression/org/springframework/expression/spel/ast/Indexer.java,538,pmd:NcssCount
spring-expression/org/springframework/expression/spel/ast/OpMinus.java,69,pmd:NcssCount
spring-expression/org/springframework/expression/spel/ast/OpPlus.java,70,pmd:NcssCount
spring-expression/org/springframework/expression/spel/ast/Operator.java,111,pmd:NcssCount
spring-expression/org/springframework/expression/spel/ast/Selection.java,96,pmd:NcssCount
spring-expression/org/springframework/expression/spel/standard/Tokenizer.java,88,pmd:NcssCount
spring-expression/org/springframework/expression/spel/standard/Tokenizer.java,341,pmd:NcssCount
spring-jdbc/org/springframework/jdbc/core/StatementCreatorUtils.java,328,pmd:NcssCount
spring-jdbc/org/springframework/jdbc/core/metadata/CallMetaDataContext.java,321,pmd:NcssCount
spring-jdbc/org/springframework/jdbc/core/namedparam/NamedParameterUtils.java,82,pmd:NcssCount
spring-jdbc/org/springframework/jdbc/datasource/LazyConnectionDataSourceProxy.java,338,pmd:NcssCount
spring-jdbc/org/springframework/jdbc/support/JdbcUtils.java,154,pmd:NcssCount
spring-jdbc/org/springframework/jdbc/support/SQLErrorCodeSQLExceptionTranslator.java,185,pmd:NcssCount
spring-jms/org/springframework/jms/config/JmsListenerContainerParser.java,118,pmd:NcssCount
spring-jms/org/springframework/jms/connection/SingleConnectionFactory.java,626,pmd:NcssCount
spring-jms/org/springframework/jms/listener/AbstractPollingMessageListenerContainer.java,284,pmd:NcssCount
spring-jms/org/springframework/jms/listener/DefaultMessageListenerContainer.java,1277,pmd:NcssCount
spring-messaging/org/springframework/messaging/simp/stomp/StompBrokerRelayMessageHandler.java,507,pmd:NcssCount
spring-orm/org/springframework/orm/hibernate5/HibernateTransactionManager.java,461,pmd:NcssCount
spring-oxm/org/springframework/oxm/xstream/XStreamMarshaller.java,490,pmd:NcssCount
spring-r2dbc/org/springframework/r2dbc/connection/init/ScriptUtils.java,449,pmd:NcssCount
spring-r2dbc/org/springframework/r2dbc/core/NamedParameterUtils.java,96,pmd:NcssCount
spring-test/org/springframework/test/context/MergedContextConfiguration.java,207,pmd:ExcessiveParameterList
spring-test/org/springframework/test/context/MergedContextConfiguration.java,247,pmd:ExcessiveParameterList
spring-test/org/springframework/test/context/MergedContextConfiguration.java,283,pmd:ExcessiveParameterList
spring-test/org/springframework/test/context/web/WebMergedContextConfiguration.java,108,pmd:ExcessiveParameterList
spring-test/org/springframework/test/context/web/WebMergedContextConfiguration.java,147,pmd:ExcessiveParameterList
spring-test/org/springframework/test/context/web/WebMergedContextConfiguration.java,183,pmd:ExcessiveParameterList
spring-test/org/springframework/test/web/servlet/request/AbstractMockHttpServletRequestBuilder.java,596,pmd:NcssCount
spring-test/org/springframework/test/web/servlet/request/AbstractMockHttpServletRequestBuilder.java,712,pmd:NcssCount
spring-tx/org/springframework/transaction/interceptor/TransactionAspectSupport.java,342,pmd:NcssCount
spring-web/org/springframework/http/ContentDisposition.java,345,pmd:NcssCount
spring-web/org/springframework/http/codec/support/BaseDefaultCodecs.java,473,pmd:NcssCount
spring-web/org/springframework/web/client/DefaultRestClient.java,126,pmd:ExcessiveParameterList
spring-web/org/springframework/web/context/support/ServletRequestHandledEvent.java,112,pmd:ExcessiveParameterList
spring-web/org/springframework/web/util/WhatWgUrlParser.java,2563,pmd:NcssCount
spring-web/org/springframework/web/util/pattern/InternalPathPatternParser.java,98,pmd:NcssCount
spring-webflux/org/springframework/web/reactive/function/client/DefaultWebClient.java,110,pmd:ExcessiveParameterList
spring-webmvc/org/springframework/web/servlet/config/AnnotationDrivenBeanDefinitionParser.java,200,pmd:NcssCount
spring-webmvc/org/springframework/web/servlet/config/AnnotationDrivenBeanDefinitionParser.java,564,pmd:NcssCount
spring-webmvc/org/springframework/web/servlet/config/ViewResolversBeanDefinitionParser.java,73,pmd:NcssCount
spring-webmvc/org/springframework/web/servlet/function/DefaultServerRequestBuilder.java,234,pmd:ExcessiveParameterList
spring-webmvc/org/springframework/web/servlet/mvc/method/annotation/AbstractMessageConverterMethodProcessor.java,208,pmd:NcssCount
spring-webmvc/org/springframework/web/servlet/mvc/method/annotation/ResponseEntityExceptionHandler.java,141,pmd:NcssCount
spring-webmvc/org/springframework/web/servlet/mvc/support/DefaultHandlerExceptionResolver.java,181,pmd:NcssCount
spring-websocket/org/springframework/web/socket/config/MessageBrokerBeanDefinitionParser.java,379,pmd:NcssCount
spring-websocket/org/springframework/web/socket/config/WebSocketNamespaceUtils.java,68,pmd:NcssCount
spring-websocket/org/springframework/web/socket/messaging/StompSubProtocolHandler.java,254,pmd:NcssCount
spring-websocket/org/springframework/web/socket/sockjs/support/AbstractSockJsService.java,379,pmd:NcssCount
spring-websocket/org/springframework/web/socket/sockjs/transport/TransportHandlingSockJsService.java,234,pmd:NcssCount
