spring-aop/org/springframework/aop/config/ConfigBeanDefinitionParser.java,359,sonar:S107
spring-beans/org/springframework/beans/AbstractNestablePropertyAccessor.java,283,sonar:S138
spring-beans/org/springframework/beans/AbstractNestablePropertyAccessor.java,624,sonar:S138
spring-beans/org/springframework/beans/TypeConverterDelegate.java,117,sonar:S138
spring-beans/org/springframework/beans/factory/annotation/AutowiredAnnotationBeanPostProcessor.java,365,sonar:S138
spring-beans/org/springframework/beans/factory/support/AbstractAutowireCapableBeanFactory.java,560,sonar:S138
spring-beans/org/springframework/beans/factory/support/AbstractAutowireCapableBeanFactory.java,719,sonar:S138
spring-beans/org/springframework/beans/factory/support/AbstractAutowireCapableBeanFactory.java,1675,sonar:S138
spring-beans/org/springframework/beans/factory/support/AbstractBeanFactory.java,242,sonar:S138
spring-beans/org/springframework/beans/factory/support/AbstractBeanFactory.java,531,sonar:S138
spring-beans/org/springframework/beans/factory/support/BeanDefinitionValueResolver.java,131,sonar:S138
spring-beans/org/springframework/beans/factory/support/ConstructorResolver.java,135,sonar:S138
spring-beans/org/springframework/beans/factory/support/ConstructorResolver.java,397,sonar:S138
spring-beans/org/springframework/beans/factory/support/ConstructorResolver.java,720,sonar:S138
spring-beans/org/springframework/beans/factory/support/ConstructorResolver.java,720,sonar:S107
spring-beans/org/springframework/beans/factory/support/DefaultListableBeanFactory.java,445,sonar:S138
spring-beans/org/springframework/beans/factory/support/DefaultListableBeanFactory.java,1658,sonar:S138
spring-beans/org/springframework/beans/factory/support/DefaultSingletonBeanRegistry.java,257,sonar:S138
spring-beans/org/springframework/beans/factory/support/PropertiesBeanDefinitionReader.java,415,sonar:S138
spring-beans/org/springframework/beans/factory/xml/BeanDefinitionParserDelegate.java,1171,sonar:S138
spring-context/org/springframework/context/annotation/CommonAnnotationBeanPostProcessor.java,421,sonar:S138
spring-context/org/springframework/context/annotation/ConfigurationClassBeanDefinitionReader.java,185,sonar:S138
spring-context/org/springframework/context/annotation/ConfigurationClassPostProcessor.java,363,sonar:S138
spring-context/org/springframework/context/support/PostProcessorRegistrationDelegate.java,68,sonar:S138
spring-context/org/springframework/scheduling/annotation/ScheduledAnnotationBeanPostProcessor.java,405,sonar:S138
spring-context/org/springframework/validation/DataBinder.java,921,sonar:S138
spring-context/org/springframework/validation/beanvalidation/MethodValidationAdapter.java,298,sonar:S138
spring-core/org/springframework/asm/ClassReader.java,448,sonar:S138
spring-core/org/springframework/asm/ClassReader.java,774,sonar:S138
spring-core/org/springframework/asm/ClassReader.java,897,sonar:S138
spring-core/org/springframework/asm/ClassReader.java,1071,sonar:S138
spring-core/org/springframework/asm/ClassReader.java,1255,sonar:S138
spring-core/org/springframework/asm/ClassReader.java,1538,sonar:S138
spring-core/org/springframework/asm/ClassReader.java,3042,sonar:S138
spring-core/org/springframework/asm/ClassReader.java,3297,sonar:S138
spring-core/org/springframework/asm/ClassWriter.java,489,sonar:S138
spring-core/org/springframework/asm/Frame.java,691,sonar:S138
spring-core/org/springframework/asm/MethodWriter.java,733,sonar:S138
spring-core/org/springframework/asm/MethodWriter.java,1860,sonar:S138
spring-core/org/springframework/asm/MethodWriter.java,2076,sonar:S138
spring-core/org/springframework/asm/MethodWriter.java,2181,sonar:S138
spring-core/org/springframework/asm/SymbolTable.java,161,sonar:S138
spring-core/org/springframework/cglib/core/KeyFactory.java,255,sonar:S138
spring-core/org/springframework/cglib/core/ReflectUtils.java,448,sonar:S138
spring-core/org/springframework/cglib/proxy/Enhancer.java,649,sonar:S138
spring-core/org/springframework/cglib/proxy/Enhancer.java,1198,sonar:S138
spring-core/org/springframework/core/ResolvableType.java,300,sonar:S138
spring-core/org/springframework/core/annotation/TypeMappedAnnotation.java,133,sonar:S107
spring-core/org/springframework/core/io/support/PathMatchingResourcePatternResolver.java,687,sonar:S138
spring-core/org/springframework/core/io/support/PathMatchingResourcePatternResolver.java,867,sonar:S138
spring-core/org/springframework/core/io/support/PathMatchingResourcePatternResolver.java,1014,sonar:S138
spring-core/org/springframework/core/type/classreading/SimpleAnnotationMetadata.java,65,sonar:S107
spring-core/org/springframework/util/AntPathMatcher.java,211,sonar:S138
spring-expression/org/springframework/expression/spel/ast/ConstructorReference.java,262,sonar:S138
spring-expression/org/springframework/expression/spel/ast/Indexer.java,181,sonar:S138
spring-expression/org/springframework/expression/spel/ast/Indexer.java,341,sonar:S138
spring-expression/org/springframework/expression/spel/ast/OpMinus.java,69,sonar:S138
spring-expression/org/springframework/expression/spel/ast/OpPlus.java,70,sonar:S138
spring-expression/org/springframework/expression/spel/ast/Operator.java,111,sonar:S138
spring-expression/org/springframework/expression/spel/ast/Selection.java,96,sonar:S138
spring-expression/org/springframework/expression/spel/standard/Tokenizer.java,88,sonar:S138
spring-expression/org/springframework/expression/spel/standard/Tokenizer.java,341,sonar:S138
spring-expression/org/springframework/expression/spel/support/ReflectiveMethodResolver.java,117,sonar:S138
spring-jdbc/org/springframework/jdbc/core/StatementCreatorUtils.java,328,sonar:S138
spring-jdbc/org/springframework/jdbc/core/metadata/CallMetaDataContext.java,321,sonar:S138
spring-jdbc/org/springframework/jdbc/core/metadata/GenericCallMetaDataProvider.java,301,sonar:S138
spring-jdbc/org/springframework/jdbc/core/namedparam/NamedParameterUtils.java,82,sonar:S138
spring-jdbc/org/springframework/jdbc/datasource/LazyConnectionDataSourceProxy.java,338,sonar:S138
spring-jdbc/org/springframework/jdbc/datasource/TransactionAwareDataSourceProxy.java,194,sonar:S138
spring-jdbc/org/springframework/jdbc/datasource/init/ScriptUtils.java,184,sonar:S107
spring-jdbc/org/springframework/jdbc/datasource/init/ScriptUtils.java,224,sonar:S138
spring-jdbc/org/springframework/jdbc/datasource/init/ScriptUtils.java,224,sonar:S107
spring-jdbc/org/springframework/jdbc/datasource/init/ScriptUtils.java,492,sonar:S138
spring-jdbc/org/springframework/jdbc/support/JdbcUtils.java,154,sonar:S138
spring-jdbc/org/springframework/jdbc/support/SQLErrorCodeSQLExceptionTranslator.java,185,sonar:S138
spring-jdbc/org/springframework/jdbc/support/SQLErrorCodeSQLExceptionTranslator.java,334,sonar:S138
spring-jms/org/springframework/jms/config/JmsListenerContainerParser.java,118,sonar:S138
spring-jms/org/springframework/jms/connection/CachingConnectionFactory.java,316,sonar:S138
spring-jms/org/springframework/jms/connection/SingleConnectionFactory.java,626,sonar:S138
spring-jms/org/springframework/jms/listener/AbstractPollingMessageListenerContainer.java,284,sonar:S138
spring-jms/org/springframework/jms/listener/DefaultMessageListenerContainer.java,1277,sonar:S138
spring-jms/org/springframework/jms/support/SimpleJmsHeaderMapper.java,126,sonar:S138
spring-messaging/org/springframework/messaging/simp/stomp/StompBrokerRelayMessageHandler.java,507,sonar:S138
spring-orm/org/springframework/orm/hibernate5/HibernateTransactionManager.java,461,sonar:S138
spring-orm/org/springframework/orm/hibernate5/LocalSessionFactoryBean.java,490,sonar:S138
spring-orm/org/springframework/orm/jpa/SharedEntityManagerCreator.java,221,sonar:S138
spring-orm/org/springframework/orm/jpa/vendor/HibernateJpaDialect.java,259,sonar:S138
spring-oxm/org/springframework/oxm/xstream/XStreamMarshaller.java,490,sonar:S138
spring-r2dbc/org/springframework/r2dbc/connection/init/ScriptUtils.java,189,sonar:S107
spring-r2dbc/org/springframework/r2dbc/connection/init/ScriptUtils.java,230,sonar:S107
spring-r2dbc/org/springframework/r2dbc/connection/init/ScriptUtils.java,449,sonar:S138
spring-r2dbc/org/springframework/r2dbc/core/NamedParameterUtils.java,96,sonar:S138
spring-test/org/springframework/mock/http/server/reactive/MockServerHttpRequest.java,70,sonar:S107
spring-test/org/springframework/mock/web/reactive/function/server/MockServerRequest.java,106,sonar:S107
spring-test/org/springframework/test/context/ContextConfigurationAttributes.java,152,sonar:S107
spring-test/org/springframework/test/context/MergedContextConfiguration.java,158,sonar:S107
spring-test/org/springframework/test/context/MergedContextConfiguration.java,207,sonar:S107
spring-test/org/springframework/test/context/MergedContextConfiguration.java,247,sonar:S107
spring-test/org/springframework/test/context/MergedContextConfiguration.java,283,sonar:S107
spring-test/org/springframework/test/context/bean/override/mockito/MockitoBeanOverrideHandler.java,70,sonar:S107
spring-test/org/springframework/test/context/web/WebMergedContextConfiguration.java,108,sonar:S107
spring-test/org/springframework/test/context/web/WebMergedContextConfiguration.java,147,sonar:S107
spring-test/org/springframework/test/context/web/WebMergedContextConfiguration.java,183,sonar:S107
spring-test/org/springframework/test/web/reactive/server/DefaultWebTestClient.java,103,sonar:S107
spring-test/org/springframework/test/web/servlet/MockMvcBuilderSupport.java,52,sonar:S107
spring-test/org/springframework/test/web/servlet/request/AbstractMockHttpServletRequestBuilder.java,596,sonar:S138
spring-test/org/springframework/test/web/servlet/request/AbstractMockHttpServletRequestBuilder.java,712,sonar:S138
spring-tx/org/springframework/transaction/interceptor/TransactionAspectSupport.java,342,sonar:S138
spring-tx/org/springframework/transaction/reactive/GenericReactiveTransaction.java,84,sonar:S107
spring-tx/org/springframework/transaction/support/AbstractPlatformTransactionManager.java,426,sonar:S138
spring-tx/org/springframework/transaction/support/DefaultTransactionStatus.java,90,sonar:S107
spring-web/org/springframework/http/ContentDisposition.java,106,sonar:S107
spring-web/org/springframework/http/ContentDisposition.java,345,sonar:S138
spring-web/org/springframework/http/ResponseCookie.java,59,sonar:S107
spring-web/org/springframework/http/codec/support/BaseDefaultCodecs.java,473,sonar:S138
spring-web/org/springframework/http/server/reactive/DefaultServerHttpRequestBuilder.java,195,sonar:S107
spring-web/org/springframework/web/DefaultErrorResponseBuilder.java,175,sonar:S107
spring-web/org/springframework/web/client/DefaultRestClient.java,126,sonar:S107
spring-web/org/springframework/web/context/support/ServletRequestHandledEvent.java,61,sonar:S107
spring-web/org/springframework/web/context/support/ServletRequestHandledEvent.java,86,sonar:S107
spring-web/org/springframework/web/context/support/ServletRequestHandledEvent.java,112,sonar:S107
spring-web/org/springframework/web/service/invoker/AbstractNamedValueArgumentResolver.java,154,sonar:S107
spring-web/org/springframework/web/service/invoker/HttpRequestValues.java,87,sonar:S107
spring-web/org/springframework/web/service/invoker/HttpRequestValues.java,541,sonar:S107
spring-web/org/springframework/web/service/invoker/ReactiveHttpRequestValues.java,51,sonar:S107
spring-web/org/springframework/web/util/HierarchicalUriComponents.java,131,sonar:S107
spring-web/org/springframework/web/util/HierarchicalUriComponents.java,150,sonar:S107
spring-web/org/springframework/web/util/WhatWgUrlParser.java,2563,sonar:S138
spring-web/org/springframework/web/util/pattern/InternalPathPatternParser.java,98,sonar:S138
spring-webflux/org/springframework/web/reactive/function/client/DefaultWebClient.java,110,sonar:S107
spring-webflux/org/springframework/web/reactive/function/server/DefaultServerRequestBuilder.java,225,sonar:S107
spring-webflux/org/springframework/web/reactive/result/method/RequestMappingInfo.java,100,sonar:S107
spring-webflux/org/springframework/web/reactive/result/method/RequestMappingInfo.java,131,sonar:S107
spring-webflux/org/springframework/web/reactive/result/method/annotation/AbstractMessageReaderArgumentResolver.java,140,sonar:S138
spring-webflux/org/springframework/web/reactive/result/method/annotation/ControllerMethodResolver.java,141,sonar:S107
spring-webflux/org/springframework/web/reactive/result/view/ViewResolutionResultHandler.java,209,sonar:S138
spring-webflux/org/springframework/web/reactive/socket/HandshakeInfo.java,114,sonar:S107
spring-webmvc/org/springframework/web/servlet/config/AnnotationDrivenBeanDefinitionParser.java,200,sonar:S138
spring-webmvc/org/springframework/web/servlet/function/DefaultServerRequestBuilder.java,234,sonar:S107
spring-webmvc/org/springframework/web/servlet/mvc/method/RequestMappingInfo.java,117,sonar:S107
spring-webmvc/org/springframework/web/servlet/mvc/method/RequestMappingInfo.java,157,sonar:S107
spring-webmvc/org/springframework/web/servlet/mvc/method/RequestMappingInfo.java,171,sonar:S107
spring-webmvc/org/springframework/web/servlet/mvc/method/annotation/AbstractMessageConverterMethodArgumentResolver.java,148,sonar:S138
spring-webmvc/org/springframework/web/servlet/mvc/method/annotation/AbstractMessageConverterMethodProcessor.java,208,sonar:S138
spring-websocket/org/springframework/web/socket/config/MessageBrokerBeanDefinitionParser.java,379,sonar:S138
spring-websocket/org/springframework/web/socket/config/MessageBrokerBeanDefinitionParser.java,379,sonar:S107
spring-websocket/org/springframework/web/socket/config/WebSocketNamespaceUtils.java,68,sonar:S138
spring-websocket/org/springframework/web/socket/messaging/StompSubProtocolHandler.java,254,sonar:S138
spring-websocket/org/springframework/web/socket/sockjs/support/AbstractSockJsService.java,379,sonar:S138
spring-websocket/org/springframework/web/socket/sockjs/transport/TransportHandlingSockJsService.java,234,sonar:S138
