"project","relative_path","method_name","line_start","line_end","physical_lines","bucket"
"commons-lang","org/apache/commons/lang3/JavaVersion.java","get","219","289","71","<75"
"hibernate-orm","hibernate-core/org/hibernate/type/spi/TypeConfiguration.java","resolveCastTargetType","332","385","54","<75"
"quarkus","independent-projects/arc/processor/io/quarkus/arc/processor/Annotations.java","boxArray","316","378","63","<75"
"quarkus","independent-projects/arc/processor/io/quarkus/arc/processor/bcextensions/ExtensionsEntryPoint.java","configureParams","520","582","63","<75"
"quarkus","independent-projects/resteasy-reactive/server/runtime/org/jboss/resteasy/reactive/server/core/multipart/MultipartParser.java","entity","253","328","76",">=75"
"quarkus","independent-projects/resteasy-reactive/server/processor/org/jboss/resteasy/reactive/server/processor/generation/exceptionmappers/ServerExceptionMapperGenerator.java","getTargetMethodParamsInfo","540","616","77",">=75"
"quarkus","independent-projects/resteasy-reactive/server/runtime/org/jboss/resteasy/reactive/server/core/startup/RuntimeResourceDeployment.java","parameterExtractor","640","719","80",">=75"
"quarkus","independent-projects/arc/processor/io/quarkus/arc/processor/Beans.java","resolveInjectionPoint","482","564","83",">=75"
"quarkus","independent-projects/resteasy-reactive/common/runtime/org/jboss/resteasy/reactive/common/jaxrs/UriBuilderImpl.java","replaceMatrixParam","774","856","83",">=75"
"quarkus","extensions/qute/deployment/io/quarkus/qute/deployment/QuteProcessor.java","processRoot","1389","1486","98",">=75"
"spring-framework","spring-expression/org/springframework/expression/spel/ast/Indexer.java","getArrayElement","538","604","67","<75"
"spring-framework","spring-core/org/springframework/asm/ClassReader.java","readTypeAnnotationTarget","2879","2949","71","<75"
"spring-framework","spring-core/org/springframework/asm/AnnotationWriter.java","visit","189","262","74","<75"
"spring-framework","spring-webmvc/org/springframework/web/servlet/config/AnnotationDrivenBeanDefinitionParser.java","getMessageConverters","564","641","78",">=75"
"spring-framework","spring-webmvc/org/springframework/web/servlet/config/ViewResolversBeanDefinitionParser.java","parse","71","151","81",">=75"
"spring-framework","spring-webmvc/org/springframework/web/servlet/mvc/support/DefaultHandlerExceptionResolver.java","doResolveException","179","261","83",">=75"
"spring-framework","spring-webmvc/org/springframework/web/servlet/mvc/method/annotation/ResponseEntityExceptionHandler.java","handleException","118","213","96",">=75"
