hibernate-orm-7.2.6.Final|hibernate-orm::c549a5c5a0bdd05cbda5105c4fa899b466be365c::hibernate-core/org/hibernate/engine/internal/ImmutableEntityEntryFactory.java::org.hibernate.engine.internal.ImmutableEntityEntryFactory::createEntityEntry(Status,Object[],Object,Object,Object,LockMode,boolean,EntityPersister,boolean,PersistenceContext)	C:\Users\gusta\Documents\gustavo\mestrado\tese\exp-mestrado\sources\hibernate-orm-7.2.6.Final\hibernate-core\src\main\java\org\hibernate\engine\internal\ImmutableEntityEntryFactory.java	31	createEntityEntry
hibernate-orm-7.2.6.Final|hibernate-orm::c549a5c5a0bdd05cbda5105c4fa899b466be365c::hibernate-core/org/hibernate/engine/internal/MutableEntityEntryFactory.java::org.hibernate.engine.internal.MutableEntityEntryFactory::createEntityEntry(Status,Object[],Object,Object,Object,LockMode,boolean,EntityPersister,boolean,PersistenceContext)	C:\Users\gusta\Documents\gustavo\mestrado\tese\exp-mestrado\sources\hibernate-orm-7.2.6.Final\hibernate-core\src\main\java\org\hibernate\engine\internal\MutableEntityEntryFactory.java	31	createEntityEntry
hibernate-orm-7.2.6.Final|hibernate-orm::c549a5c5a0bdd05cbda5105c4fa899b466be365c::hibernate-core/org/hibernate/engine/internal/StatefulPersistenceContext.java::org.hibernate.engine.internal.StatefulPersistenceContext::addEntry(Object,Status,Object[],Object,Object,Object,LockMode,boolean,EntityPersister,boolean)	C:\Users\gusta\Documents\gustavo\mestrado\tese\exp-mestrado\sources\hibernate-orm-7.2.6.Final\hibernate-core\src\main\java\org\hibernate\engine\internal\StatefulPersistenceContext.java	633	addEntry
hibernate-orm-7.2.6.Final|hibernate-orm::c549a5c5a0bdd05cbda5105c4fa899b466be365c::hibernate-core/org/hibernate/metamodel/mapping/internal/AbstractEmbeddableMapping.java::org.hibernate.metamodel.mapping.internal.AbstractEmbeddableMapping::finishInitialization(NavigableRole,Component,CompositeType,String,String[],EmbeddableMappingType,EmbeddableRepresentationStrategy,AttributeTypeValidator,ConcreteTableResolver,Consumer<AttributeMapping>,SuccessfulCompletionCallback,MappingModelCreationProcess)	C:\Users\gusta\Documents\gustavo\mestrado\tese\exp-mestrado\sources\hibernate-orm-7.2.6.Final\hibernate-core\src\main\java\org\hibernate\metamodel\mapping\internal\AbstractEmbeddableMapping.java	260	finishInitialization
hibernate-orm-7.2.6.Final|hibernate-orm::c549a5c5a0bdd05cbda5105c4fa899b466be365c::hibernate-core/org/hibernate/persister/entity/AbstractEntityPersister.java::org.hibernate.persister.entity.AbstractEntityPersister::buildEmbeddedAttributeMapping(String,int,int,Property,DependantValue,int,ManagedMappingType,CompositeType,String,String[],PropertyAccess,CascadeStyle,MappingModelCreationProcess)	C:\Users\gusta\Documents\gustavo\mestrado\tese\exp-mestrado\sources\hibernate-orm-7.2.6.Final\hibernate-core\src\main\java\org\hibernate\persister\entity\AbstractEntityPersister.java	5469	buildEmbeddedAttributeMapping
hibernate-orm-7.2.6.Final|hibernate-orm::c549a5c5a0bdd05cbda5105c4fa899b466be365c::hibernate-core/org/hibernate/persister/entity/AbstractEntityPersister.java::org.hibernate.persister.entity.AbstractEntityPersister::buildSingularAssociationAttributeMapping(String,NavigableRole,int,int,Property,ManagedMappingType,EntityPersister,EntityType,PropertyAccess,CascadeStyle,MappingModelCreationProcess)	C:\Users\gusta\Documents\gustavo\mestrado\tese\exp-mestrado\sources\hibernate-orm-7.2.6.Final\hibernate-core\src\main\java\org\hibernate\persister\entity\AbstractEntityPersister.java	5503	buildSingularAssociationAttributeMapping
hibernate-orm-7.2.6.Final|hibernate-orm::c549a5c5a0bdd05cbda5105c4fa899b466be365c::hibernate-core/org/hibernate/persister/entity/mutation/MergeCoordinator.java::org.hibernate.persister.entity.mutation.MergeCoordinator::analyzeUpdateValues(Object,Object[],Object,Object[],int[],InclusionChecker,InclusionChecker,InclusionChecker,Object,boolean,SharedSessionContractImplementor)	C:\Users\gusta\Documents\gustavo\mestrado\tese\exp-mestrado\sources\hibernate-orm-7.2.6.Final\hibernate-core\src\main\java\org\hibernate\persister\entity\mutation\MergeCoordinator.java	30	analyzeUpdateValues
hibernate-orm-7.2.6.Final|hibernate-orm::c549a5c5a0bdd05cbda5105c4fa899b466be365c::hibernate-core/org/hibernate/persister/entity/mutation/UpdateCoordinatorStandard.java::org.hibernate.persister.entity.mutation.UpdateCoordinatorStandard::performUpdate(Object,Object,Object,Object[],Object,Object[],boolean,SharedSessionContractImplementor,EntityVersionMapping,int[],boolean[],boolean)	C:\Users\gusta\Documents\gustavo\mestrado\tese\exp-mestrado\sources\hibernate-orm-7.2.6.Final\hibernate-core\src\main\java\org\hibernate\persister\entity\mutation\UpdateCoordinatorStandard.java	247	performUpdate
hibernate-orm-7.2.6.Final|hibernate-orm::c549a5c5a0bdd05cbda5105c4fa899b466be365c::hibernate-core/org/hibernate/persister/entity/mutation/UpdateCoordinatorStandard.java::org.hibernate.persister.entity.mutation.UpdateCoordinatorStandard::analyzeUpdateValues(Object,Object[],Object,Object[],int[],InclusionChecker,InclusionChecker,InclusionChecker,Object,boolean,SharedSessionContractImplementor)	C:\Users\gusta\Documents\gustavo\mestrado\tese\exp-mestrado\sources\hibernate-orm-7.2.6.Final\hibernate-core\src\main\java\org\hibernate\persister\entity\mutation\UpdateCoordinatorStandard.java	603	analyzeUpdateValues
hibernate-orm-7.2.6.Final|hibernate-orm::c549a5c5a0bdd05cbda5105c4fa899b466be365c::hibernate-core/org/hibernate/tool/schema/internal/AbstractSchemaMigrator.java::org.hibernate.tool.schema.internal.AbstractSchemaMigrator::createSchemaAndCatalog(DatabaseInformation,ExecutionOptions,Dialect,Formatter,boolean,boolean,Set<Identifier>,Namespace,SqlStringGenerationContext,GenerationTarget[])	C:\Users\gusta\Documents\gustavo\mestrado\tese\exp-mestrado\sources\hibernate-orm-7.2.6.Final\hibernate-core\src\main\java\org\hibernate\tool\schema\internal\AbstractSchemaMigrator.java	511	createSchemaAndCatalog
hibernate-orm-7.2.6.Final|hibernate-orm::c549a5c5a0bdd05cbda5105c4fa899b466be365c::hibernate-core/org/hibernate/tool/schema/internal/GroupedSchemaMigratorImpl.java::org.hibernate.tool.schema.internal.GroupedSchemaMigratorImpl::performTablesMigration(Metadata,DatabaseInformation,ExecutionOptions,ContributableMatcher,Dialect,Formatter,Set<String>,boolean,boolean,Set<Identifier>,Namespace,SqlStringGenerationContext,GenerationTarget[])	C:\Users\gusta\Documents\gustavo\mestrado\tese\exp-mestrado\sources\hibernate-orm-7.2.6.Final\hibernate-core\src\main\java\org\hibernate\tool\schema\internal\GroupedSchemaMigratorImpl.java	40	performTablesMigration
hibernate-orm-7.2.6.Final|hibernate-orm::c549a5c5a0bdd05cbda5105c4fa899b466be365c::hibernate-core/org/hibernate/tool/schema/internal/IndividuallySchemaMigratorImpl.java::org.hibernate.tool.schema.internal.IndividuallySchemaMigratorImpl::performTablesMigration(Metadata,DatabaseInformation,ExecutionOptions,ContributableMatcher,Dialect,Formatter,Set<String>,boolean,boolean,Set<Identifier>,Namespace,SqlStringGenerationContext,GenerationTarget[])	C:\Users\gusta\Documents\gustavo\mestrado\tese\exp-mestrado\sources\hibernate-orm-7.2.6.Final\hibernate-core\src\main\java\org\hibernate\tool\schema\internal\IndividuallySchemaMigratorImpl.java	36	performTablesMigration
hibernate-orm-7.2.6.Final|hibernate-orm::c549a5c5a0bdd05cbda5105c4fa899b466be365c::hibernate-envers/org/hibernate/envers/configuration/internal/metadata/ValueMetadataGenerator.java::org.hibernate.envers.configuration.internal.metadata.ValueMetadataGenerator::addValue(AttributeContainer,Value,PropertyAccessStrategy,CompositeMapperBuilder,String,EntityMappingData,PropertyAuditingData,boolean,boolean,boolean)	C:\Users\gusta\Documents\gustavo\mestrado\tese\exp-mestrado\sources\hibernate-orm-7.2.6.Final\hibernate-envers\src\main\java\org\hibernate\envers\configuration\internal\metadata\ValueMetadataGenerator.java	51	addValue
hibernate-orm-7.2.6.Final|hibernate-orm::c549a5c5a0bdd05cbda5105c4fa899b466be365c::hibernate-envers/org/hibernate/envers/strategy/internal/DefaultAuditStrategy.java::org.hibernate.envers.strategy.internal.DefaultAuditStrategy::addEntityAtRevisionRestriction(Configuration,QueryBuilder,Parameters,String,String,boolean,MiddleIdData,String,String,String,String,boolean)	C:\Users\gusta\Documents\gustavo\mestrado\tese\exp-mestrado\sources\hibernate-orm-7.2.6.Final\hibernate-envers\src\main\java\org\hibernate\envers\strategy\internal\DefaultAuditStrategy.java	78	addEntityAtRevisionRestriction
hibernate-orm-7.2.6.Final|hibernate-orm::c549a5c5a0bdd05cbda5105c4fa899b466be365c::hibernate-envers/org/hibernate/envers/strategy/internal/DefaultAuditStrategy.java::org.hibernate.envers.strategy.internal.DefaultAuditStrategy::addAssociationAtRevisionRestriction(QueryBuilder,Parameters,String,String,boolean,MiddleIdData,String,String,String,String,String,boolean,MiddleComponentData...)	C:\Users\gusta\Documents\gustavo\mestrado\tese\exp-mestrado\sources\hibernate-orm-7.2.6.Final\hibernate-envers\src\main\java\org\hibernate\envers\strategy\internal\DefaultAuditStrategy.java	118	addAssociationAtRevisionRestriction
hibernate-orm-7.2.6.Final|hibernate-orm::c549a5c5a0bdd05cbda5105c4fa899b466be365c::hibernate-envers/org/hibernate/envers/strategy/internal/ValidityAuditStrategy.java::org.hibernate.envers.strategy.internal.ValidityAuditStrategy::addEntityAtRevisionRestriction(Configuration,QueryBuilder,Parameters,String,String,boolean,MiddleIdData,String,String,String,String,boolean)	C:\Users\gusta\Documents\gustavo\mestrado\tese\exp-mestrado\sources\hibernate-orm-7.2.6.Final\hibernate-envers\src\main\java\org\hibernate\envers\strategy\internal\ValidityAuditStrategy.java	293	addEntityAtRevisionRestriction
hibernate-orm-7.2.6.Final|hibernate-orm::c549a5c5a0bdd05cbda5105c4fa899b466be365c::hibernate-envers/org/hibernate/envers/strategy/internal/ValidityAuditStrategy.java::org.hibernate.envers.strategy.internal.ValidityAuditStrategy::addAssociationAtRevisionRestriction(QueryBuilder,Parameters,String,String,boolean,MiddleIdData,String,String,String,String,String,boolean,MiddleComponentData...)	C:\Users\gusta\Documents\gustavo\mestrado\tese\exp-mestrado\sources\hibernate-orm-7.2.6.Final\hibernate-envers\src\main\java\org\hibernate\envers\strategy\internal\ValidityAuditStrategy.java	317	addAssociationAtRevisionRestriction
quarkus-3.32.1|quarkus::058b0b546fe033547d4d42afb7766a9e00b0329b::extensions/kubernetes/kind/deployment/io/quarkus/kind/deployment/KindProcessor.java::io.quarkus.kind.deployment.KindProcessor::externalizeInitTasks(ApplicationInfoBuildItem,ContainerImageInfoBuildItem,List<InitTaskBuildItem>,BuildProducer<KubernetesJobBuildItem>,BuildProducer<KubernetesInitContainerBuildItem>,BuildProducer<KubernetesEnvBuildItem>,BuildProducer<KubernetesRoleBuildItem>,BuildProducer<KubernetesRoleBindingBuildItem>,BuildProducer<KubernetesServiceAccountBuildItem>,BuildProducer<DecoratorBuildItem>)	C:\Users\gusta\Documents\gustavo\mestrado\tese\exp-mestrado\sources\quarkus-3.32.1\extensions\kubernetes\kind\deployment\src\main\java\io\quarkus\kind\deployment\KindProcessor.java	145	externalizeInitTasks
quarkus-3.32.1|quarkus::058b0b546fe033547d4d42afb7766a9e00b0329b::extensions/kubernetes/minikube/deployment/io/quarkus/minikube/deployment/MinikubeProcessor.java::io.quarkus.minikube.deployment.MinikubeProcessor::externalizeInitTasks(ApplicationInfoBuildItem,ContainerImageInfoBuildItem,List<InitTaskBuildItem>,BuildProducer<KubernetesJobBuildItem>,BuildProducer<KubernetesInitContainerBuildItem>,BuildProducer<KubernetesEnvBuildItem>,BuildProducer<KubernetesRoleBuildItem>,BuildProducer<KubernetesRoleBindingBuildItem>,BuildProducer<KubernetesServiceAccountBuildItem>,BuildProducer<DecoratorBuildItem>)	C:\Users\gusta\Documents\gustavo\mestrado\tese\exp-mestrado\sources\quarkus-3.32.1\extensions\kubernetes\minikube\deployment\src\main\java\io\quarkus\minikube\deployment\MinikubeProcessor.java	140	externalizeInitTasks
quarkus-3.32.1|quarkus::058b0b546fe033547d4d42afb7766a9e00b0329b::extensions/kubernetes/vanilla/deployment/io/quarkus/kubernetes/deployment/OpenshiftProcessor.java::io.quarkus.kubernetes.deployment.OpenshiftProcessor::createDecorators(ApplicationInfoBuildItem,OutputTargetBuildItem,ContainerImageConfig,Optional<FallbackContainerImageRegistryBuildItem>,PackageConfig,Optional<MetricsCapabilityBuildItem>,Optional<KubernetesClientCapabilityBuildItem>,Capabilities,List<KubernetesInitContainerBuildItem>,List<KubernetesJobBuildItem>,List<KubernetesNamespaceBuildItem>,List<KubernetesAnnotationBuildItem>,List<KubernetesLabelBuildItem>,List<KubernetesEnvBuildItem>,Optional<BaseImageInfoBuildItem>,Optional<ContainerImageInfoBuildItem>,Optional<KubernetesCommandBuildItem>,Optional<KubernetesProbePortNameBuildItem>,List<KubernetesPortBuildItem>,Optional<KubernetesHealthLivenessPathBuildItem>,Optional<KubernetesHealthReadinessPathBuildItem>,Optional<KubernetesHealthStartupPathBuildItem>,List<KubernetesRoleBuildItem>,List<KubernetesClusterRoleBuildItem>,List<KubernetesEffectiveServiceAccountBuildItem>,List<KubernetesRoleBindingBuildItem>,List<KubernetesClusterRoleBindingBuildItem>,Optional<CustomProjectRootBuildItem>,List<KubernetesDeploymentTargetBuildItem>)	C:\Users\gusta\Documents\gustavo\mestrado\tese\exp-mestrado\sources\quarkus-3.32.1\extensions\kubernetes\vanilla\deployment\src\main\java\io\quarkus\kubernetes\deployment\OpenshiftProcessor.java	193	createDecorators
quarkus-3.32.1|quarkus::058b0b546fe033547d4d42afb7766a9e00b0329b::extensions/kubernetes/vanilla/deployment/io/quarkus/kubernetes/deployment/OpenshiftProcessor.java::io.quarkus.kubernetes.deployment.OpenshiftProcessor::externalizeInitTasks(ApplicationInfoBuildItem,ContainerImageInfoBuildItem,List<InitTaskBuildItem>,BuildProducer<KubernetesJobBuildItem>,BuildProducer<KubernetesInitContainerBuildItem>,BuildProducer<KubernetesEnvBuildItem>,BuildProducer<KubernetesRoleBuildItem>,BuildProducer<KubernetesRoleBindingBuildItem>,BuildProducer<KubernetesServiceAccountBuildItem>,BuildProducer<DecoratorBuildItem>)	C:\Users\gusta\Documents\gustavo\mestrado\tese\exp-mestrado\sources\quarkus-3.32.1\extensions\kubernetes\vanilla\deployment\src\main\java\io\quarkus\kubernetes\deployment\OpenshiftProcessor.java	389	externalizeInitTasks
quarkus-3.32.1|quarkus::058b0b546fe033547d4d42afb7766a9e00b0329b::extensions/kubernetes/vanilla/deployment/io/quarkus/kubernetes/deployment/VanillaKubernetesProcessor.java::io.quarkus.kubernetes.deployment.VanillaKubernetesProcessor::createDecorators(ApplicationInfoBuildItem,OutputTargetBuildItem,Capabilities,PackageConfig,Optional<MetricsCapabilityBuildItem>,Optional<KubernetesClientCapabilityBuildItem>,List<KubernetesNamespaceBuildItem>,List<KubernetesJobBuildItem>,List<KubernetesInitContainerBuildItem>,List<KubernetesAnnotationBuildItem>,List<KubernetesLabelBuildItem>,List<KubernetesEnvBuildItem>,Optional<ContainerImageInfoBuildItem>,Optional<KubernetesCommandBuildItem>,Optional<KubernetesProbePortNameBuildItem>,List<KubernetesPortBuildItem>,Optional<KubernetesHealthLivenessPathBuildItem>,Optional<KubernetesHealthReadinessPathBuildItem>,Optional<KubernetesHealthStartupPathBuildItem>,List<KubernetesRoleBuildItem>,List<KubernetesClusterRoleBuildItem>,List<KubernetesEffectiveServiceAccountBuildItem>,List<KubernetesRoleBindingBuildItem>,List<KubernetesClusterRoleBindingBuildItem>,Optional<CustomProjectRootBuildItem>,List<KubernetesDeploymentTargetBuildItem>)	C:\Users\gusta\Documents\gustavo\mestrado\tese\exp-mestrado\sources\quarkus-3.32.1\extensions\kubernetes\vanilla\deployment\src\main\java\io\quarkus\kubernetes\deployment\VanillaKubernetesProcessor.java	138	createDecorators
quarkus-3.32.1|quarkus::058b0b546fe033547d4d42afb7766a9e00b0329b::extensions/kubernetes/vanilla/deployment/io/quarkus/kubernetes/deployment/VanillaKubernetesProcessor.java::io.quarkus.kubernetes.deployment.VanillaKubernetesProcessor::externalizeInitTasks(ApplicationInfoBuildItem,ContainerImageInfoBuildItem,List<InitTaskBuildItem>,BuildProducer<KubernetesJobBuildItem>,BuildProducer<KubernetesInitContainerBuildItem>,BuildProducer<KubernetesEnvBuildItem>,BuildProducer<KubernetesRoleBuildItem>,BuildProducer<KubernetesRoleBindingBuildItem>,BuildProducer<KubernetesServiceAccountBuildItem>,BuildProducer<DecoratorBuildItem>)	C:\Users\gusta\Documents\gustavo\mestrado\tese\exp-mestrado\sources\quarkus-3.32.1\extensions\kubernetes\vanilla\deployment\src\main\java\io\quarkus\kubernetes\deployment\VanillaKubernetesProcessor.java	254	externalizeInitTasks
quarkus-3.32.1|quarkus::058b0b546fe033547d4d42afb7766a9e00b0329b::extensions/netty/runtime/io/quarkus/netty/runtime/graal/NettySubstitutions.java::io.quarkus.netty.runtime.graal.Target_io_netty_handler_ssl_SslContext::newServerContextInternal(SslProvider,Provider,X509Certificate[],TrustManagerFactory,X509Certificate[],PrivateKey,String,KeyManagerFactory,Iterable<String>,CipherSuiteFilter,ApplicationProtocolConfig,long,long,ClientAuth,String[],boolean,boolean,SecureRandom,String,Map.Entry<SslContextOption<?>,Object>...)	C:\Users\gusta\Documents\gustavo\mestrado\tese\exp-mestrado\sources\quarkus-3.32.1\extensions\netty\runtime\src\main\java\io\quarkus\netty\runtime\graal\NettySubstitutions.java	237	newServerContextInternal
quarkus-3.32.1|quarkus::058b0b546fe033547d4d42afb7766a9e00b0329b::extensions/netty/runtime/io/quarkus/netty/runtime/graal/NettySubstitutions.java::io.quarkus.netty.runtime.graal.Target_io_netty_handler_ssl_SslContext::newClientContextInternal(SslProvider,Provider,X509Certificate[],TrustManagerFactory,X509Certificate[],PrivateKey,String,KeyManagerFactory,Iterable<String>,CipherSuiteFilter,ApplicationProtocolConfig,String[],long,long,boolean,SecureRandom,String,String,Map.Entry<SslContextOption<?>,Object>...)	C:\Users\gusta\Documents\gustavo\mestrado\tese\exp-mestrado\sources\quarkus-3.32.1\extensions\netty\runtime\src\main\java\io\quarkus\netty\runtime\graal\NettySubstitutions.java	256	newClientContextInternal
quarkus-3.32.1|quarkus::058b0b546fe033547d4d42afb7766a9e00b0329b::extensions/qute/deployment/io/quarkus/qute/deployment/QuteProcessor.java::io.quarkus.qute.deployment.QuteProcessor::validateNestedExpressions(QuteConfig,TemplateAnalysis,ClassInfo,Map<String,MatchResult>,Iterable<Predicate<TypeCheck>>,BuildProducer<IncorrectExpressionBuildItem>,Expression,IndexView,Map<DotName,Set<String>>,Function<String,String>,Map<Integer,MatchResult>,Iterable<Predicate<TypeCheck>>,CheckedTemplateBuildItem,JavaMemberLookupConfig,Map<String,BeanInfo>,Map<String,TemplateDataBuildItem>,List<TemplateExtensionMethodBuildItem>,Map<String,List<TemplateExtensionMethodBuildItem>>,AssignabilityCheck,List<TemplateGlobalBuildItem>)	C:\Users\gusta\Documents\gustavo\mestrado\tese\exp-mestrado\sources\quarkus-3.32.1\extensions\qute\deployment\src\main\java\io\quarkus\qute\deployment\QuteProcessor.java	1211	validateNestedExpressions
quarkus-3.32.1|quarkus::058b0b546fe033547d4d42afb7766a9e00b0329b::extensions/resteasy-reactive/rest-client/deployment/io/quarkus/rest/client/reactive/deployment/MicroProfileRestClientEnricher.java::io.quarkus.rest.client.reactive.deployment.MicroProfileRestClientEnricher::handleFormParamsForSubResource(MethodCreator,IndexView,ClassInfo,ClassInfo,MethodInfo,MethodInfo,AssignableResultHandle,BuildProducer<GeneratedClassBuildItem>,AssignableResultHandle,boolean)	C:\Users\gusta\Documents\gustavo\mestrado\tese\exp-mestrado\sources\quarkus-3.32.1\extensions\resteasy-reactive\rest-client\deployment\src\main\java\io\quarkus\rest\client\reactive\deployment\MicroProfileRestClientEnricher.java	243	handleFormParamsForSubResource
quarkus-3.32.1|quarkus::058b0b546fe033547d4d42afb7766a9e00b0329b::extensions/resteasy-reactive/rest-client/deployment/io/quarkus/rest/client/reactive/deployment/MicroProfileRestClientEnricher.java::io.quarkus.rest.client.reactive.deployment.MicroProfileRestClientEnricher::forSubResourceMethod(ClassCreator,MethodCreator,MethodCreator,MethodCreator,ClassInfo,ClassInfo,MethodInfo,MethodInfo,AssignableResultHandle,IndexView,BuildProducer<GeneratedClassBuildItem>,int,int,FieldDescriptor)	C:\Users\gusta\Documents\gustavo\mestrado\tese\exp-mestrado\sources\quarkus-3.32.1\extensions\resteasy-reactive\rest-client\deployment\src\main\java\io\quarkus\rest\client\reactive\deployment\MicroProfileRestClientEnricher.java	497	forSubResourceMethod
quarkus-3.32.1|quarkus::058b0b546fe033547d4d42afb7766a9e00b0329b::extensions/resteasy-reactive/rest-client/deployment/io/quarkus/rest/client/reactive/deployment/MicroProfileRestClientEnricher.java::io.quarkus.rest.client.reactive.deployment.MicroProfileRestClientEnricher::forMethod(ClassCreator,MethodCreator,MethodCreator,MethodCreator,ClassInfo,MethodInfo,AssignableResultHandle,IndexView,BuildProducer<GeneratedClassBuildItem>,int,FieldDescriptor)	C:\Users\gusta\Documents\gustavo\mestrado\tese\exp-mestrado\sources\quarkus-3.32.1\extensions\resteasy-reactive\rest-client\deployment\src\main\java\io\quarkus\rest\client\reactive\deployment\MicroProfileRestClientEnricher.java	517	forMethod
quarkus-3.32.1|quarkus::058b0b546fe033547d4d42afb7766a9e00b0329b::independent-projects/resteasy-reactive/client/processor/org/jboss/resteasy/reactive/client/processor/scanning/ClientEndpointIndexer.java::org.jboss.resteasy.reactive.client.processor.scanning.ClientEndpointIndexer::createMethodParameter(ClassInfo,ClassInfo,boolean,Type,ClientIndexedParam,String,String,ParameterType,String,boolean,String,Set<String>)	C:\Users\gusta\Documents\gustavo\mestrado\tese\exp-mestrado\sources\quarkus-3.32.1\independent-projects\resteasy-reactive\client\processor\src\main\java\org\jboss\resteasy\reactive\client\processor\scanning\ClientEndpointIndexer.java	157	createMethodParameter
quarkus-3.32.1|quarkus::058b0b546fe033547d4d42afb7766a9e00b0329b::independent-projects/resteasy-reactive/server/processor/org/jboss/resteasy/reactive/server/processor/ServerEndpointIndexer.java::org.jboss.resteasy.reactive.server.processor.ServerEndpointIndexer::createMethodParameter(ClassInfo,ClassInfo,boolean,Type,ServerIndexedParameter,String,String,ParameterType,String,boolean,String,Set<String>)	C:\Users\gusta\Documents\gustavo\mestrado\tese\exp-mestrado\sources\quarkus-3.32.1\independent-projects\resteasy-reactive\server\processor\src\main\java\org\jboss\resteasy\reactive\server\processor\ServerEndpointIndexer.java	473	createMethodParameter
