# relative_path,line,label (gerado a partir de sonarqube-issues.jsonl)
org/apache/commons/lang3/BooleanUtils.java,734,sonar:S138
org/apache/commons/lang3/RandomStringUtils.java,255,sonar:S138
org/apache/commons/lang3/StringUtils.java,6400,sonar:S138
org/apache/commons/lang3/StringUtils.java,7606,sonar:S138
org/apache/commons/lang3/builder/ToStringStyle.java,1449,sonar:S138
org/apache/commons/lang3/math/NumberUtils.java,323,sonar:S138
org/apache/commons/lang3/math/NumberUtils.java,555,sonar:S138
org/apache/commons/lang3/text/StrSubstitutor.java,1104,sonar:S138
org/apache/commons/lang3/time/DateUtils.java,1107,sonar:S138
org/apache/commons/lang3/time/DurationFormatUtils.java,239,sonar:S107
org/apache/commons/lang3/time/DurationFormatUtils.java,239,sonar:S138
org/apache/commons/lang3/time/DurationFormatUtils.java,529,sonar:S138
org/apache/commons/lang3/time/DurationFormatUtils.java,680,sonar:S138
org/apache/commons/lang3/time/FastDatePrinter.java,1330,sonar:S138
