hibernate-community-dialects/org/hibernate/community/dialect/CockroachLegacyDialect.java,417,sonar:S138
hibernate-community-dialects/org/hibernate/community/dialect/DB2LegacyDialect.java,314,sonar:S138
hibernate-community-dialects/org/hibernate/community/dialect/DB2LegacyDialect.java,617,sonar:S138
hibernate-community-dialects/org/hibernate/community/dialect/DerbyDialect.java,173,sonar:S138
hibernate-community-dialects/org/hibernate/community/dialect/DerbyDialect.java,750,sonar:S138
hibernate-community-dialects/org/hibernate/community/dialect/DerbyLegacyDialect.java,169,sonar:S138
hibernate-community-dialects/org/hibernate/community/dialect/DerbyLegacyDialect.java,736,sonar:S138
hibernate-community-dialects/org/hibernate/community/dialect/FirebirdDialect.java,281,sonar:S138
hibernate-community-dialects/org/hibernate/community/dialect/GaussDBFunctionRegistry.java,46,sonar:S138
hibernate-community-dialects/org/hibernate/community/dialect/H2LegacyDialect.java,326,sonar:S138
hibernate-community-dialects/org/hibernate/community/dialect/HANALegacyDialect.java,417,sonar:S138
hibernate-community-dialects/org/hibernate/community/dialect/HANALegacyDialect.java,709,sonar:S138
hibernate-community-dialects/org/hibernate/community/dialect/HSQLLegacyDialect.java,193,sonar:S138
hibernate-community-dialects/org/hibernate/community/dialect/MySQLLegacyDialect.java,325,sonar:S138
hibernate-community-dialects/org/hibernate/community/dialect/MySQLLegacyDialect.java,596,sonar:S138
hibernate-community-dialects/org/hibernate/community/dialect/OracleLegacyDialect.java,273,sonar:S138
hibernate-community-dialects/org/hibernate/community/dialect/OracleLegacyDialect.java,498,sonar:S138
hibernate-community-dialects/org/hibernate/community/dialect/OracleLegacySqlAstTranslator.java,551,sonar:S138
hibernate-community-dialects/org/hibernate/community/dialect/PostgreSQLLegacyDialect.java,591,sonar:S138
hibernate-community-dialects/org/hibernate/community/dialect/SQLServerLegacyDialect.java,390,sonar:S138
hibernate-community-dialects/org/hibernate/community/dialect/SingleStoreDialect.java,452,sonar:S138
hibernate-community-dialects/org/hibernate/community/dialect/SingleStoreDialect.java,557,sonar:S138
hibernate-community-dialects/org/hibernate/community/dialect/SybaseASELegacyDialect.java,309,sonar:S138
hibernate-community-dialects/org/hibernate/community/dialect/SybaseASELegacySqlAstTranslator.java,311,sonar:S138
hibernate-community-dialects/org/hibernate/community/dialect/TimesTenDialect.java,159,sonar:S138
hibernate-core/org/hibernate/boot/archive/internal/JarFileBasedArchiveDescriptor.java,50,sonar:S138
hibernate-core/org/hibernate/boot/archive/internal/JarInputStreamBasedArchiveDescriptor.java,48,sonar:S138
hibernate-core/org/hibernate/boot/archive/internal/JarInputStreamBasedArchiveDescriptor.java,154,sonar:S138
hibernate-core/org/hibernate/boot/beanvalidation/TypeSafeActivator.java,231,sonar:S107
hibernate-core/org/hibernate/boot/beanvalidation/TypeSafeActivator.java,278,sonar:S107
hibernate-core/org/hibernate/boot/internal/MetadataBuilderImpl.java,640,sonar:S138
hibernate-core/org/hibernate/boot/internal/SessionFactoryOptionsBuilder.java,264,sonar:S138
hibernate-core/org/hibernate/boot/jaxb/hbm/transform/HbmXmlTransformer.java,355,sonar:S138
hibernate-core/org/hibernate/boot/jaxb/hbm/transform/HbmXmlTransformer.java,916,sonar:S138
hibernate-core/org/hibernate/boot/jaxb/hbm/transform/HbmXmlTransformer.java,1293,sonar:S138
hibernate-core/org/hibernate/boot/jaxb/hbm/transform/HbmXmlTransformer.java,1416,sonar:S138
hibernate-core/org/hibernate/boot/jaxb/hbm/transform/HbmXmlTransformer.java,2137,sonar:S138
hibernate-core/org/hibernate/boot/jaxb/hbm/transform/HbmXmlTransformer.java,2323,sonar:S138
hibernate-core/org/hibernate/boot/jaxb/hbm/transform/HbmXmlTransformer.java,2664,sonar:S138
hibernate-core/org/hibernate/boot/jaxb/hbm/transform/HbmXmlTransformer.java,2900,sonar:S138
hibernate-core/org/hibernate/boot/jaxb/internal/stax/LocalXmlResourceResolver.java,34,sonar:S138
hibernate-core/org/hibernate/boot/model/internal/AggregateComponentSecondPass.java,64,sonar:S138
hibernate-core/org/hibernate/boot/model/internal/AnnotatedColumn.java,276,sonar:S107
hibernate-core/org/hibernate/boot/model/internal/AnnotatedColumn.java,672,sonar:S107
hibernate-core/org/hibernate/boot/model/internal/AnnotatedColumn.java,698,sonar:S107
hibernate-core/org/hibernate/boot/model/internal/AnnotatedColumn.java,832,sonar:S107
hibernate-core/org/hibernate/boot/model/internal/AnyBinder.java,82,sonar:S107
hibernate-core/org/hibernate/boot/model/internal/BasicValueBinder.java,392,sonar:S138
hibernate-core/org/hibernate/boot/model/internal/BasicValueBinder.java,507,sonar:S138
hibernate-core/org/hibernate/boot/model/internal/BinderHelper.java,422,sonar:S138
hibernate-core/org/hibernate/boot/model/internal/BinderHelper.java,716,sonar:S107
hibernate-core/org/hibernate/boot/model/internal/CollectionBinder.java,208,sonar:S107
hibernate-core/org/hibernate/boot/model/internal/CollectionBinder.java,208,sonar:S138
hibernate-core/org/hibernate/boot/model/internal/CollectionBinder.java,437,sonar:S107
hibernate-core/org/hibernate/boot/model/internal/CollectionBinder.java,611,sonar:S138
hibernate-core/org/hibernate/boot/model/internal/CollectionBinder.java,1895,sonar:S138
hibernate-core/org/hibernate/boot/model/internal/EmbeddableBinder.java,88,sonar:S107
hibernate-core/org/hibernate/boot/model/internal/EmbeddableBinder.java,130,sonar:S107
hibernate-core/org/hibernate/boot/model/internal/EmbeddableBinder.java,183,sonar:S107
hibernate-core/org/hibernate/boot/model/internal/EmbeddableBinder.java,240,sonar:S107
hibernate-core/org/hibernate/boot/model/internal/EmbeddableBinder.java,277,sonar:S107
hibernate-core/org/hibernate/boot/model/internal/EmbeddableBinder.java,333,sonar:S107
hibernate-core/org/hibernate/boot/model/internal/EmbeddableBinder.java,381,sonar:S107
hibernate-core/org/hibernate/boot/model/internal/EmbeddableBinder.java,415,sonar:S107
hibernate-core/org/hibernate/boot/model/internal/EmbeddableBinder.java,415,sonar:S138
hibernate-core/org/hibernate/boot/model/internal/EntityBinder.java,457,sonar:S107
hibernate-core/org/hibernate/boot/model/internal/EntityBinder.java,546,sonar:S107
hibernate-core/org/hibernate/boot/model/internal/EntityBinder.java,575,sonar:S107
hibernate-core/org/hibernate/boot/model/internal/EntityBinder.java,2071,sonar:S107
hibernate-core/org/hibernate/boot/model/internal/IndexBinder.java,155,sonar:S107
hibernate-core/org/hibernate/boot/model/internal/MapBinder.java,173,sonar:S107
hibernate-core/org/hibernate/boot/model/internal/PropertyBinder.java,697,sonar:S107
hibernate-core/org/hibernate/boot/model/internal/PropertyBinder.java,749,sonar:S107
hibernate-core/org/hibernate/boot/model/internal/PropertyBinder.java,840,sonar:S107
hibernate-core/org/hibernate/boot/model/internal/PropertyBinder.java,993,sonar:S107
hibernate-core/org/hibernate/boot/model/internal/PropertyBinder.java,1064,sonar:S107
hibernate-core/org/hibernate/boot/model/internal/PropertyBinder.java,1168,sonar:S107
hibernate-core/org/hibernate/boot/model/internal/PropertyContainer.java,222,sonar:S107
hibernate-core/org/hibernate/boot/model/internal/QueryBinder.java,238,sonar:S107
hibernate-core/org/hibernate/boot/model/internal/TableBinder.java,137,sonar:S138
hibernate-core/org/hibernate/boot/model/internal/TableBinder.java,150,sonar:S138
hibernate-core/org/hibernate/boot/model/internal/TableBinder.java,312,sonar:S138
hibernate-core/org/hibernate/boot/model/internal/TableBinder.java,455,sonar:S107
hibernate-core/org/hibernate/boot/model/internal/TableBinder.java,478,sonar:S107
hibernate-core/org/hibernate/boot/model/internal/TableBinder.java,518,sonar:S107
hibernate-core/org/hibernate/boot/model/internal/TableBinder.java,921,sonar:S107
hibernate-core/org/hibernate/boot/model/internal/ToOneBinder.java,71,sonar:S107
hibernate-core/org/hibernate/boot/model/internal/ToOneBinder.java,140,sonar:S107
hibernate-core/org/hibernate/boot/model/internal/ToOneBinder.java,284,sonar:S107
hibernate-core/org/hibernate/boot/model/internal/ToOneBinder.java,416,sonar:S107
hibernate-core/org/hibernate/boot/model/internal/ToOneBinder.java,466,sonar:S107
hibernate-core/org/hibernate/boot/model/internal/ToOneBinder.java,513,sonar:S107
hibernate-core/org/hibernate/boot/model/process/internal/InferredBasicValueResolver.java,55,sonar:S107
hibernate-core/org/hibernate/boot/model/process/internal/InferredBasicValueResolver.java,55,sonar:S138
hibernate-core/org/hibernate/boot/model/process/internal/InferredBasicValueResolver.java,289,sonar:S107
hibernate-core/org/hibernate/boot/model/process/internal/NamedConverterResolution.java,39,sonar:S107
hibernate-core/org/hibernate/boot/model/process/spi/MetadataBuildingProcess.java,216,sonar:S138
hibernate-core/org/hibernate/boot/model/process/spi/MetadataBuildingProcess.java,670,sonar:S138
hibernate-core/org/hibernate/boot/model/relational/ColumnOrderingStrategyStandard.java,132,sonar:S138
hibernate-core/org/hibernate/boot/model/source/internal/hbm/AbstractPluralAttributeSourceImpl.java,64,sonar:S138
hibernate-core/org/hibernate/boot/model/source/internal/hbm/AttributesHelper.java,68,sonar:S138
hibernate-core/org/hibernate/boot/model/source/internal/hbm/AttributesHelper.java,262,sonar:S138
hibernate-core/org/hibernate/boot/model/source/internal/hbm/EntityHierarchySourceImpl.java,153,sonar:S138
hibernate-core/org/hibernate/boot/model/source/internal/hbm/EntityHierarchySourceImpl.java,265,sonar:S138
hibernate-core/org/hibernate/boot/model/source/internal/hbm/ModelBinder.java,861,sonar:S138
hibernate-core/org/hibernate/boot/model/source/internal/hbm/ModelBinder.java,1076,sonar:S138
hibernate-core/org/hibernate/boot/model/source/internal/hbm/ModelBinder.java,2303,sonar:S107
hibernate-core/org/hibernate/boot/model/source/internal/hbm/PluralAttributeElementSourceManyToAnyImpl.java,34,sonar:S138
hibernate-core/org/hibernate/boot/model/source/internal/hbm/SingularAttributeSourceAnyImpl.java,50,sonar:S138
hibernate-core/org/hibernate/boot/models/spi/JpaEventListener.java,70,sonar:S107
hibernate-core/org/hibernate/boot/models/xml/internal/DynamicModelHelper.java,68,sonar:S138
hibernate-core/org/hibernate/boot/models/xml/internal/DynamicModelHelper.java,514,sonar:S138
hibernate-core/org/hibernate/boot/models/xml/internal/ManagedTypeProcessor.java,189,sonar:S138
hibernate-core/org/hibernate/boot/models/xml/internal/SimpleTypeInterpretation.java,112,sonar:S138
hibernate-core/org/hibernate/boot/models/xml/internal/XmlAnnotationHelper.java,984,sonar:S138
hibernate-core/org/hibernate/boot/models/xml/internal/XmlDocumentImpl.java,62,sonar:S107
hibernate-core/org/hibernate/boot/models/xml/internal/attr/CommonPluralAttributeProcessing.java,39,sonar:S138
hibernate-core/org/hibernate/boot/query/HbmResultSetMappingDescriptor.java,528,sonar:S138
hibernate-core/org/hibernate/boot/registry/selector/internal/DefaultDialectSelector.java,31,sonar:S138
hibernate-core/org/hibernate/bytecode/enhance/internal/bytebuddy/BiDirectionalAssociationHandler.java,43,sonar:S138
hibernate-core/org/hibernate/bytecode/enhance/internal/bytebuddy/EnhancerImpl.java,161,sonar:S138
hibernate-core/org/hibernate/bytecode/enhance/internal/bytebuddy/GetPropertyValues.java,50,sonar:S138
hibernate-core/org/hibernate/bytecode/enhance/internal/bytebuddy/InlineDirtyCheckingHandler.java,110,sonar:S138
hibernate-core/org/hibernate/bytecode/enhance/internal/bytebuddy/SetPropertyValues.java,49,sonar:S138
hibernate-core/org/hibernate/bytecode/internal/bytebuddy/BytecodeProviderImpl.java,262,sonar:S138
hibernate-core/org/hibernate/collection/spi/CollectionInitializerProducer.java,43,sonar:S107
hibernate-core/org/hibernate/collection/spi/CollectionSemantics.java,105,sonar:S107
hibernate-core/org/hibernate/collection/spi/InitializerProducerBuilder.java,27,sonar:S107
hibernate-core/org/hibernate/collection/spi/InitializerProducerBuilder.java,206,sonar:S107
hibernate-core/org/hibernate/dialect/CockroachDialect.java,413,sonar:S138
hibernate-core/org/hibernate/dialect/DB2Dialect.java,323,sonar:S138
hibernate-core/org/hibernate/dialect/Dialect.java,1106,sonar:S138
hibernate-core/org/hibernate/dialect/Dialect.java,1488,sonar:S138
hibernate-core/org/hibernate/dialect/H2Dialect.java,267,sonar:S138
hibernate-core/org/hibernate/dialect/HANADialect.java,437,sonar:S138
hibernate-core/org/hibernate/dialect/HANADialect.java,733,sonar:S138
hibernate-core/org/hibernate/dialect/HSQLDialect.java,142,sonar:S138
hibernate-core/org/hibernate/dialect/MySQLDialect.java,352,sonar:S138
hibernate-core/org/hibernate/dialect/MySQLDialect.java,588,sonar:S138
hibernate-core/org/hibernate/dialect/OracleDialect.java,295,sonar:S138
hibernate-core/org/hibernate/dialect/OracleDialect.java,515,sonar:S138
hibernate-core/org/hibernate/dialect/OracleOsonArrayJdbcType.java,133,sonar:S138
hibernate-core/org/hibernate/dialect/OracleOsonJdbcType.java,147,sonar:S138
hibernate-core/org/hibernate/dialect/PostgreSQLDialect.java,558,sonar:S138
hibernate-core/org/hibernate/dialect/SQLServerDialect.java,362,sonar:S138
hibernate-core/org/hibernate/dialect/SpannerDialect.java,199,sonar:S138
hibernate-core/org/hibernate/dialect/SybaseASEDialect.java,360,sonar:S138
hibernate-core/org/hibernate/dialect/aggregate/DB2AggregateSupport.java,75,sonar:S138
hibernate-core/org/hibernate/dialect/aggregate/HANAAggregateSupport.java,75,sonar:S138
hibernate-core/org/hibernate/dialect/aggregate/OracleAggregateSupport.java,97,sonar:S138
hibernate-core/org/hibernate/dialect/aggregate/PostgreSQLAggregateSupport.java,62,sonar:S138
hibernate-core/org/hibernate/dialect/aggregate/SQLServerAggregateSupport.java,53,sonar:S138
hibernate-core/org/hibernate/dialect/function/AggregateWindowEmulationQueryTransformer.java,90,sonar:S138
hibernate-core/org/hibernate/dialect/function/CountFunction.java,147,sonar:S138
hibernate-core/org/hibernate/dialect/function/CteGenerateSeriesFunction.java,194,sonar:S138
hibernate-core/org/hibernate/dialect/function/FormatFunction.java,197,sonar:S138
hibernate-core/org/hibernate/dialect/function/GenerateSeriesArgumentValidator.java,29,sonar:S138
hibernate-core/org/hibernate/dialect/function/GenerateSeriesSetReturningFunctionTypeResolver.java,63,sonar:S138
hibernate-core/org/hibernate/dialect/function/NumberSeriesGenerateSeriesFunction.java,187,sonar:S138
hibernate-core/org/hibernate/dialect/function/NumberSeriesGenerateSeriesFunction.java,331,sonar:S138
hibernate-core/org/hibernate/dialect/function/UnnestSetReturningFunctionTypeResolver.java,86,sonar:S138
hibernate-core/org/hibernate/dialect/function/array/H2ArrayToStringFunction.java,38,sonar:S138
hibernate-core/org/hibernate/dialect/function/array/H2UnnestFunction.java,188,sonar:S138
hibernate-core/org/hibernate/dialect/function/array/HANAUnnestFunction.java,74,sonar:S138
hibernate-core/org/hibernate/dialect/function/array/HANAUnnestFunction.java,87,sonar:S138
hibernate-core/org/hibernate/dialect/function/array/HSQLArrayToStringFunction.java,33,sonar:S138
hibernate-core/org/hibernate/dialect/function/array/OracleArrayToStringFunction.java,35,sonar:S138
hibernate-core/org/hibernate/dialect/function/json/H2JsonQueryFunction.java,53,sonar:S107
hibernate-core/org/hibernate/dialect/function/json/H2JsonQueryFunction.java,72,sonar:S107
hibernate-core/org/hibernate/dialect/function/json/H2JsonTableFunction.java,141,sonar:S138
hibernate-core/org/hibernate/dialect/function/json/HANAJsonArrayFunction.java,67,sonar:S107
hibernate-core/org/hibernate/dialect/function/json/HANAJsonTableFunction.java,195,sonar:S138
hibernate-core/org/hibernate/dialect/function/json/PostgreSQLJsonMergepatchFunction.java,27,sonar:S138
hibernate-core/org/hibernate/dialect/function/json/SQLServerJsonExistsFunction.java,31,sonar:S138
hibernate-core/org/hibernate/dialect/function/json/SQLServerJsonQueryFunction.java,54,sonar:S138
hibernate-core/org/hibernate/dialect/function/json/SQLServerJsonTableFunction.java,109,sonar:S138
hibernate-core/org/hibernate/dialect/function/xml/HANAXmlTableFunction.java,81,sonar:S138
hibernate-core/org/hibernate/dialect/function/xml/SQLServerXmlAggFunction.java,53,sonar:S138
hibernate-core/org/hibernate/dialect/lock/internal/SqlAstBasedLockingStrategy.java,63,sonar:S138
hibernate-core/org/hibernate/dialect/sql/ast/OracleSqlAstTranslator.java,523,sonar:S138
hibernate-core/org/hibernate/dialect/sql/ast/SybaseASESqlAstTranslator.java,322,sonar:S138
hibernate-core/org/hibernate/dialect/temptable/TemporaryTable.java,254,sonar:S138
hibernate-core/org/hibernate/dialect/type/AbstractPostgreSQLStructJdbcType.java,268,sonar:S138
hibernate-core/org/hibernate/dialect/type/AbstractPostgreSQLStructJdbcType.java,648,sonar:S138
hibernate-core/org/hibernate/dialect/type/AbstractPostgreSQLStructJdbcType.java,1162,sonar:S138
hibernate-core/org/hibernate/dialect/type/OracleUserDefinedTypeExporter.java,41,sonar:S138
hibernate-core/org/hibernate/engine/internal/Cascade.java,72,sonar:S138
hibernate-core/org/hibernate/engine/internal/Cascade.java,200,sonar:S107
hibernate-core/org/hibernate/engine/internal/Cascade.java,272,sonar:S107
hibernate-core/org/hibernate/engine/internal/Cascade.java,382,sonar:S107
hibernate-core/org/hibernate/engine/internal/Cascade.java,423,sonar:S107
hibernate-core/org/hibernate/engine/internal/Cascade.java,471,sonar:S107
hibernate-core/org/hibernate/engine/internal/Cascade.java,512,sonar:S107
hibernate-core/org/hibernate/engine/internal/Cascade.java,554,sonar:S107
hibernate-core/org/hibernate/engine/internal/EntityEntryImpl.java,136,sonar:S107
hibernate-core/org/hibernate/engine/internal/StatefulPersistenceContext.java,1525,sonar:S138
hibernate-core/org/hibernate/engine/internal/StatefulPersistenceContext.java,1949,sonar:S138
hibernate-core/org/hibernate/engine/jdbc/connections/internal/ConnectionCreatorFactory.java,20,sonar:S107
hibernate-core/org/hibernate/engine/jdbc/env/internal/JdbcEnvironmentInitiator.java,345,sonar:S138
hibernate-core/org/hibernate/engine/jdbc/env/spi/AnsiSqlKeywords.java,18,sonar:S138
hibernate-core/org/hibernate/engine/jdbc/internal/BasicFormatterImpl.java,66,sonar:S138
hibernate-core/org/hibernate/engine/jdbc/mutation/internal/MutationExecutorStandard.java,67,sonar:S138
hibernate-core/org/hibernate/engine/jdbc/spi/TypeInfo.java,41,sonar:S107
hibernate-core/org/hibernate/engine/spi/CascadingAction.java,43,sonar:S107
hibernate-core/org/hibernate/engine/spi/EntityEntryFactory.java,25,sonar:S107
hibernate-core/org/hibernate/engine/spi/PersistenceContext.java,237,sonar:S107
hibernate-core/org/hibernate/engine/spi/PersistenceContext.java,252,sonar:S107
hibernate-core/org/hibernate/event/internal/DefaultDeleteEventListener.java,267,sonar:S107
hibernate-core/org/hibernate/event/internal/DefaultRefreshEventListener.java,168,sonar:S107
hibernate-core/org/hibernate/event/internal/DefaultRefreshEventListener.java,218,sonar:S107
hibernate-core/org/hibernate/id/enhanced/ExportableColumnHelper.java,26,sonar:S138
hibernate-core/org/hibernate/id/enhanced/SequenceStyleGenerator.java,240,sonar:S107
hibernate-core/org/hibernate/internal/ExceptionConverterImpl.java,81,sonar:S138
hibernate-core/org/hibernate/internal/SessionFactoryImpl.java,209,sonar:S138
hibernate-core/org/hibernate/internal/StatelessSessionImpl.java,198,sonar:S138
hibernate-core/org/hibernate/jpa/boot/internal/EntityManagerFactoryBuilderImpl.java,863,sonar:S138
hibernate-core/org/hibernate/jpa/event/internal/CallbackDefinitionResolver.java,44,sonar:S138
hibernate-core/org/hibernate/loader/ast/internal/AbstractMultiIdEntityLoader.java,368,sonar:S107
hibernate-core/org/hibernate/loader/ast/internal/LoaderHelper.java,217,sonar:S107
hibernate-core/org/hibernate/loader/ast/internal/LoaderSelectBuilder.java,98,sonar:S107
hibernate-core/org/hibernate/loader/ast/internal/LoaderSelectBuilder.java,220,sonar:S107
hibernate-core/org/hibernate/loader/ast/internal/LoaderSelectBuilder.java,244,sonar:S107
hibernate-core/org/hibernate/loader/ast/internal/LoaderSelectBuilder.java,270,sonar:S107
hibernate-core/org/hibernate/loader/ast/internal/LoaderSelectBuilder.java,348,sonar:S107
hibernate-core/org/hibernate/loader/ast/internal/LoaderSelectBuilder.java,379,sonar:S107
hibernate-core/org/hibernate/loader/ast/internal/LoaderSelectBuilder.java,404,sonar:S107
hibernate-core/org/hibernate/loader/ast/internal/LoaderSelectBuilder.java,782,sonar:S138
hibernate-core/org/hibernate/loader/internal/CacheLoadHelper.java,242,sonar:S138
hibernate-core/org/hibernate/mapping/BasicValue.java,798,sonar:S138
hibernate-core/org/hibernate/mapping/BasicValue.java,798,sonar:S107
hibernate-core/org/hibernate/mapping/SimpleValue.java,960,sonar:S107
hibernate-core/org/hibernate/metamodel/internal/MetadataContext.java,289,sonar:S138
hibernate-core/org/hibernate/metamodel/mapping/SelectableConsumer.java,64,sonar:S138
hibernate-core/org/hibernate/metamodel/mapping/SelectableConsumer.java,319,sonar:S138
hibernate-core/org/hibernate/metamodel/mapping/internal/AbstractDomainPath.java,130,sonar:S107
hibernate-core/org/hibernate/metamodel/mapping/internal/AbstractDomainPath.java,186,sonar:S107
hibernate-core/org/hibernate/metamodel/mapping/internal/AbstractEmbeddableMapping.java,260,sonar:S138
hibernate-core/org/hibernate/metamodel/mapping/internal/AbstractEntityCollectionPart.java,346,sonar:S138
hibernate-core/org/hibernate/metamodel/mapping/internal/DiscriminatedAssociationMapping.java,47,sonar:S138
hibernate-core/org/hibernate/metamodel/mapping/internal/EmbeddableMappingTypeImpl.java,112,sonar:S107
hibernate-core/org/hibernate/metamodel/mapping/internal/EmbeddableMappingTypeImpl.java,251,sonar:S138
hibernate-core/org/hibernate/metamodel/mapping/internal/EmbeddableMappingTypeImpl.java,385,sonar:S107
hibernate-core/org/hibernate/metamodel/mapping/internal/EmbeddableMappingTypeImpl.java,385,sonar:S138
hibernate-core/org/hibernate/metamodel/mapping/internal/MappingModelCreationHelper.java,192,sonar:S107
hibernate-core/org/hibernate/metamodel/mapping/internal/MappingModelCreationHelper.java,249,sonar:S107
hibernate-core/org/hibernate/metamodel/mapping/internal/MappingModelCreationHelper.java,335,sonar:S107
hibernate-core/org/hibernate/metamodel/mapping/internal/MappingModelCreationHelper.java,364,sonar:S107
hibernate-core/org/hibernate/metamodel/mapping/internal/MappingModelCreationHelper.java,500,sonar:S107
hibernate-core/org/hibernate/metamodel/mapping/internal/MappingModelCreationHelper.java,527,sonar:S138
hibernate-core/org/hibernate/metamodel/mapping/internal/MappingModelCreationHelper.java,527,sonar:S107
hibernate-core/org/hibernate/metamodel/mapping/internal/MappingModelCreationHelper.java,779,sonar:S138
hibernate-core/org/hibernate/metamodel/mapping/internal/MappingModelCreationHelper.java,895,sonar:S138
hibernate-core/org/hibernate/metamodel/mapping/internal/MappingModelCreationHelper.java,1134,sonar:S107
hibernate-core/org/hibernate/metamodel/mapping/internal/MappingModelCreationHelper.java,1158,sonar:S138
hibernate-core/org/hibernate/metamodel/mapping/internal/MappingModelCreationHelper.java,1158,sonar:S107
hibernate-core/org/hibernate/metamodel/mapping/internal/MappingModelCreationHelper.java,1361,sonar:S138
hibernate-core/org/hibernate/metamodel/mapping/internal/MappingModelCreationHelper.java,1469,sonar:S138
hibernate-core/org/hibernate/metamodel/mapping/internal/MappingModelCreationHelper.java,1667,sonar:S138
hibernate-core/org/hibernate/metamodel/mapping/internal/MappingModelCreationHelper.java,1844,sonar:S107
hibernate-core/org/hibernate/metamodel/mapping/internal/MappingModelCreationHelper.java,1872,sonar:S107
hibernate-core/org/hibernate/metamodel/mapping/internal/PluralAttributeMappingImpl.java,819,sonar:S107
hibernate-core/org/hibernate/metamodel/mapping/internal/PluralAttributeMappingImpl.java,872,sonar:S107
hibernate-core/org/hibernate/metamodel/mapping/internal/PluralAttributeMappingImpl.java,925,sonar:S107
hibernate-core/org/hibernate/metamodel/mapping/internal/SelectableMappingImpl.java,112,sonar:S107
hibernate-core/org/hibernate/metamodel/mapping/internal/SelectableMappingImpl.java,138,sonar:S107
hibernate-core/org/hibernate/metamodel/mapping/internal/SelectableMappingImpl.java,166,sonar:S107
hibernate-core/org/hibernate/metamodel/mapping/internal/SelectableMappingImpl.java,194,sonar:S107
hibernate-core/org/hibernate/metamodel/mapping/internal/SelectableMappingsImpl.java,55,sonar:S107
hibernate-core/org/hibernate/metamodel/mapping/internal/SelectableMappingsImpl.java,81,sonar:S107
hibernate-core/org/hibernate/metamodel/mapping/internal/ToOneAttributeMapping.java,228,sonar:S138
hibernate-core/org/hibernate/metamodel/mapping/internal/ToOneAttributeMapping.java,1244,sonar:S138
hibernate-core/org/hibernate/metamodel/mapping/internal/ToOneAttributeMapping.java,1515,sonar:S138
hibernate-core/org/hibernate/metamodel/mapping/internal/ToOneAttributeMapping.java,1986,sonar:S138
hibernate-core/org/hibernate/metamodel/mapping/internal/ToOneAttributeMapping.java,2169,sonar:S138
hibernate-core/org/hibernate/metamodel/model/domain/internal/PluralAttributeBuilder.java,46,sonar:S107
hibernate-core/org/hibernate/persister/collection/AbstractCollectionPersister.java,244,sonar:S138
hibernate-core/org/hibernate/persister/collection/mutation/RowMutationOperations.java,50,sonar:S107
hibernate-core/org/hibernate/persister/entity/AbstractEntityPersister.java,457,sonar:S138
hibernate-core/org/hibernate/persister/entity/AbstractEntityPersister.java,1866,sonar:S138
hibernate-core/org/hibernate/persister/entity/AbstractEntityPersister.java,3273,sonar:S107
hibernate-core/org/hibernate/persister/entity/AbstractEntityPersister.java,5225,sonar:S138
hibernate-core/org/hibernate/persister/entity/EntityPropertyMapping.java,228,sonar:S138
hibernate-core/org/hibernate/persister/entity/JoinedSubclassEntityPersister.java,148,sonar:S138
hibernate-core/org/hibernate/persister/entity/JoinedSubclassEntityPersister.java,1151,sonar:S138
hibernate-core/org/hibernate/persister/entity/SingleTableEntityPersister.java,104,sonar:S138
hibernate-core/org/hibernate/persister/entity/UnionSubclassEntityPersister.java,88,sonar:S138
hibernate-core/org/hibernate/persister/entity/mutation/UpdateCoordinatorStandard.java,670,sonar:S107
hibernate-core/org/hibernate/persister/entity/mutation/UpdateCoordinatorStandard.java,1195,sonar:S107
hibernate-core/org/hibernate/persister/entity/mutation/UpdateCoordinatorStandard.java,1232,sonar:S107
hibernate-core/org/hibernate/procedure/internal/PostgreSQLCallableStatementSupport.java,63,sonar:S138
hibernate-core/org/hibernate/query/hql/internal/QualifiedJoinPathConsumer.java,191,sonar:S107
hibernate-core/org/hibernate/query/hql/internal/QualifiedJoinPathConsumer.java,232,sonar:S107
hibernate-core/org/hibernate/query/hql/internal/SemanticQueryBuilder.java,493,sonar:S138
hibernate-core/org/hibernate/query/hql/internal/SemanticQueryBuilder.java,1226,sonar:S138
hibernate-core/org/hibernate/query/hql/internal/SemanticQueryBuilder.java,1502,sonar:S138
hibernate-core/org/hibernate/query/hql/internal/SemanticQueryBuilder.java,2428,sonar:S138
hibernate-core/org/hibernate/query/hql/internal/SemanticQueryBuilder.java,3272,sonar:S138
hibernate-core/org/hibernate/query/hql/internal/SemanticQueryBuilder.java,5233,sonar:S138
hibernate-core/org/hibernate/query/hql/internal/SemanticQueryBuilder.java,5932,sonar:S138
hibernate-core/org/hibernate/query/results/internal/ResultSetMappingImpl.java,182,sonar:S138
hibernate-core/org/hibernate/query/results/internal/dynamic/DynamicFetchBuilderStandard.java,65,sonar:S138
hibernate-core/org/hibernate/query/results/internal/dynamic/DynamicResultBuilderEntityStandard.java,168,sonar:S138
hibernate-core/org/hibernate/query/sql/internal/ParameterParser.java,51,sonar:S138
hibernate-core/org/hibernate/query/sql/internal/ResultSetMappingProcessor.java,333,sonar:S107
hibernate-core/org/hibernate/query/sqm/function/SqmFunctionRegistry.java,491,sonar:S107
hibernate-core/org/hibernate/query/sqm/function/SqmFunctionRegistry.java,517,sonar:S107
hibernate-core/org/hibernate/query/sqm/internal/ConcreteSqmSelectQueryPlan.java,77,sonar:S138
hibernate-core/org/hibernate/query/sqm/internal/SqmUtil.java,540,sonar:S138
hibernate-core/org/hibernate/query/sqm/internal/SqmUtil.java,540,sonar:S107
hibernate-core/org/hibernate/query/sqm/internal/TypecheckUtil.java,504,sonar:S138
hibernate-core/org/hibernate/query/sqm/mutation/internal/MatchingIdSelectionHelper.java,165,sonar:S138
hibernate-core/org/hibernate/query/sqm/mutation/internal/cte/AbstractCteMutationHandler.java,81,sonar:S138
hibernate-core/org/hibernate/query/sqm/mutation/internal/cte/CteInsertHandler.java,129,sonar:S138
hibernate-core/org/hibernate/query/sqm/mutation/internal/cte/CteInsertHandler.java,638,sonar:S138
hibernate-core/org/hibernate/query/sqm/mutation/internal/cte/CteInsertHandler.java,1046,sonar:S138
hibernate-core/org/hibernate/query/sqm/mutation/internal/cte/CteUpdateHandler.java,75,sonar:S138
hibernate-core/org/hibernate/query/sqm/mutation/internal/inline/InlineUpdateHandler.java,85,sonar:S138
hibernate-core/org/hibernate/query/sqm/mutation/internal/inline/InlineUpdateHandler.java,250,sonar:S138
hibernate-core/org/hibernate/query/sqm/mutation/internal/temptable/ExecuteWithTemporaryTableHelper.java,64,sonar:S138
hibernate-core/org/hibernate/query/sqm/mutation/internal/temptable/TableBasedDeleteHandler.java,93,sonar:S138
hibernate-core/org/hibernate/query/sqm/mutation/internal/temptable/TableBasedDeleteHandler.java,597,sonar:S138
hibernate-core/org/hibernate/query/sqm/mutation/internal/temptable/TableBasedInsertHandler.java,132,sonar:S138
hibernate-core/org/hibernate/query/sqm/mutation/internal/temptable/TableBasedInsertHandler.java,487,sonar:S138
hibernate-core/org/hibernate/query/sqm/mutation/internal/temptable/TableBasedInsertHandler.java,487,sonar:S107
hibernate-core/org/hibernate/query/sqm/mutation/internal/temptable/TableBasedInsertHandler.java,1118,sonar:S138
hibernate-core/org/hibernate/query/sqm/mutation/internal/temptable/TableBasedSoftDeleteHandler.java,86,sonar:S138
hibernate-core/org/hibernate/query/sqm/mutation/internal/temptable/TableBasedUpdateHandler.java,102,sonar:S138
hibernate-core/org/hibernate/query/sqm/mutation/internal/temptable/TableBasedUpdateHandler.java,451,sonar:S107
hibernate-core/org/hibernate/query/sqm/produce/function/internal/PatternRenderer.java,193,sonar:S138
hibernate-core/org/hibernate/query/sqm/sql/BaseSqmToSqlAstConverter.java,944,sonar:S138
hibernate-core/org/hibernate/query/sqm/sql/BaseSqmToSqlAstConverter.java,1366,sonar:S138
hibernate-core/org/hibernate/query/sqm/sql/BaseSqmToSqlAstConverter.java,1677,sonar:S138
hibernate-core/org/hibernate/query/sqm/sql/BaseSqmToSqlAstConverter.java,2646,sonar:S138
hibernate-core/org/hibernate/query/sqm/sql/BaseSqmToSqlAstConverter.java,2820,sonar:S138
hibernate-core/org/hibernate/query/sqm/sql/BaseSqmToSqlAstConverter.java,3383,sonar:S138
hibernate-core/org/hibernate/query/sqm/sql/BaseSqmToSqlAstConverter.java,4237,sonar:S138
hibernate-core/org/hibernate/query/sqm/sql/BaseSqmToSqlAstConverter.java,4894,sonar:S138
hibernate-core/org/hibernate/query/sqm/sql/BaseSqmToSqlAstConverter.java,5012,sonar:S138
hibernate-core/org/hibernate/query/sqm/sql/BaseSqmToSqlAstConverter.java,5981,sonar:S138
hibernate-core/org/hibernate/query/sqm/sql/BaseSqmToSqlAstConverter.java,6708,sonar:S138
hibernate-core/org/hibernate/query/sqm/sql/BaseSqmToSqlAstConverter.java,7483,sonar:S138
hibernate-core/org/hibernate/query/sqm/sql/BaseSqmToSqlAstConverter.java,7752,sonar:S138
hibernate-core/org/hibernate/query/sqm/sql/BaseSqmToSqlAstConverter.java,8403,sonar:S138
hibernate-core/org/hibernate/query/sqm/sql/internal/EntityValuedPathInterpretation.java,257,sonar:S138
hibernate-core/org/hibernate/query/sqm/sql/internal/SqlAstQueryPartProcessingStateImpl.java,93,sonar:S138
hibernate-core/org/hibernate/query/sqm/tree/cte/SqmCteStatement.java,121,sonar:S107
hibernate-core/org/hibernate/query/sqm/tree/cte/SqmCteStatement.java,335,sonar:S138
hibernate-core/org/hibernate/query/sqm/tree/domain/SqmCorrelatedBagJoin.java,37,sonar:S107
hibernate-core/org/hibernate/query/sqm/tree/domain/SqmCorrelatedCteJoin.java,38,sonar:S107
hibernate-core/org/hibernate/query/sqm/tree/domain/SqmCorrelatedDerivedJoin.java,41,sonar:S107
hibernate-core/org/hibernate/query/sqm/tree/domain/SqmCorrelatedListJoin.java,37,sonar:S107
hibernate-core/org/hibernate/query/sqm/tree/domain/SqmCorrelatedMapJoin.java,37,sonar:S107
hibernate-core/org/hibernate/query/sqm/tree/domain/SqmCorrelatedSetJoin.java,37,sonar:S107
hibernate-core/org/hibernate/query/sqm/tree/domain/SqmCorrelatedSingularJoin.java,37,sonar:S107
hibernate-core/org/hibernate/query/sqm/tree/expression/SqmFunction.java,74,sonar:S138
hibernate-core/org/hibernate/query/sqm/tree/expression/SqmJsonExistsExpression.java,61,sonar:S107
hibernate-core/org/hibernate/query/sqm/tree/expression/SqmJsonQueryExpression.java,65,sonar:S107
hibernate-core/org/hibernate/query/sqm/tree/expression/SqmJsonTableFunction.java,96,sonar:S107
hibernate-core/org/hibernate/query/sqm/tree/expression/SqmJsonValueExpression.java,70,sonar:S107
hibernate-core/org/hibernate/query/sqm/tree/insert/SqmInsertSelectStatement.java,63,sonar:S107
hibernate-core/org/hibernate/query/sqm/tree/insert/SqmInsertValuesStatement.java,62,sonar:S107
hibernate-core/org/hibernate/query/sqm/tuple/internal/AnonymousTupleEntityValuedModelPart.java,278,sonar:S138
hibernate-core/org/hibernate/query/sqm/tuple/internal/AnonymousTupleTableGroupProducer.java,146,sonar:S138
hibernate-core/org/hibernate/query/sqm/tuple/internal/AnonymousTupleTableGroupProducer.java,146,sonar:S107
hibernate-core/org/hibernate/sql/Template.java,144,sonar:S138
hibernate-core/org/hibernate/sql/Template.java,337,sonar:S107
hibernate-core/org/hibernate/sql/ast/spi/AbstractSqlAstTranslator.java,1496,sonar:S138
hibernate-core/org/hibernate/sql/ast/spi/AbstractSqlAstTranslator.java,2091,sonar:S138
hibernate-core/org/hibernate/sql/ast/spi/AbstractSqlAstTranslator.java,2582,sonar:S138
hibernate-core/org/hibernate/sql/ast/spi/AbstractSqlAstTranslator.java,2718,sonar:S138
hibernate-core/org/hibernate/sql/ast/spi/AbstractSqlAstTranslator.java,2913,sonar:S138
hibernate-core/org/hibernate/sql/ast/spi/AbstractSqlAstTranslator.java,3052,sonar:S138
hibernate-core/org/hibernate/sql/ast/spi/AbstractSqlAstTranslator.java,3971,sonar:S138
hibernate-core/org/hibernate/sql/ast/spi/AbstractSqlAstTranslator.java,4956,sonar:S138
hibernate-core/org/hibernate/sql/ast/spi/AbstractSqlAstTranslator.java,5175,sonar:S138
hibernate-core/org/hibernate/sql/ast/spi/AbstractSqlAstTranslator.java,5898,sonar:S138
hibernate-core/org/hibernate/sql/ast/spi/AbstractSqlAstTranslator.java,6434,sonar:S138
hibernate-core/org/hibernate/sql/ast/spi/AbstractSqlAstTranslator.java,7675,sonar:S138
hibernate-core/org/hibernate/sql/ast/spi/AbstractSqlAstTranslator.java,7909,sonar:S138
hibernate-core/org/hibernate/sql/ast/spi/AbstractSqlAstTranslator.java,8318,sonar:S138
hibernate-core/org/hibernate/sql/ast/tree/cte/CteStatement.java,50,sonar:S107
hibernate-core/org/hibernate/sql/exec/internal/JdbcSelectExecutorStandardImpl.java,118,sonar:S107
hibernate-core/org/hibernate/sql/exec/internal/JdbcSelectExecutorStandardImpl.java,118,sonar:S138
hibernate-core/org/hibernate/sql/exec/internal/JdbcSelectExecutorStandardImpl.java,366,sonar:S107
hibernate-core/org/hibernate/sql/exec/spi/JdbcSelectExecutor.java,78,sonar:S107
hibernate-core/org/hibernate/sql/exec/spi/JdbcSelectExecutor.java,192,sonar:S138
hibernate-core/org/hibernate/sql/results/graph/embeddable/internal/EmbeddableInitializerImpl.java,94,sonar:S138
hibernate-core/org/hibernate/sql/results/graph/entity/internal/AbstractBatchEntitySelectFetchInitializer.java,142,sonar:S138
hibernate-core/org/hibernate/sql/results/graph/entity/internal/EntityInitializerImpl.java,202,sonar:S138
hibernate-core/org/hibernate/sql/results/graph/entity/internal/EntityInitializerImpl.java,538,sonar:S138
hibernate-core/org/hibernate/sql/results/graph/entity/internal/EntityInitializerImpl.java,648,sonar:S138
hibernate-core/org/hibernate/sql/results/graph/entity/internal/EntityInitializerImpl.java,983,sonar:S138
hibernate-core/org/hibernate/sql/results/graph/entity/internal/EntityInitializerImpl.java,1212,sonar:S138
hibernate-core/org/hibernate/sql/results/graph/entity/internal/EntitySelectFetchInitializerBuilder.java,26,sonar:S107
hibernate-core/org/hibernate/tool/schema/internal/AbstractSchemaMigrator.java,158,sonar:S138
hibernate-core/org/hibernate/tool/schema/internal/HibernateSchemaManagementTool.java,238,sonar:S138
hibernate-core/org/hibernate/tool/schema/internal/SchemaCreatorImpl.java,264,sonar:S107
hibernate-core/org/hibernate/tool/schema/internal/SchemaCreatorImpl.java,294,sonar:S107
hibernate-core/org/hibernate/tool/schema/internal/SchemaCreatorImpl.java,348,sonar:S107
hibernate-core/org/hibernate/tool/schema/internal/SchemaCreatorImpl.java,387,sonar:S107
hibernate-core/org/hibernate/tool/schema/internal/SchemaCreatorImpl.java,428,sonar:S107
hibernate-core/org/hibernate/tool/schema/internal/SchemaDropperImpl.java,320,sonar:S107
hibernate-core/org/hibernate/tool/schema/internal/SchemaDropperImpl.java,345,sonar:S107
hibernate-core/org/hibernate/tool/schema/internal/SchemaTruncatorImpl.java,155,sonar:S107
hibernate-core/org/hibernate/tool/schema/internal/SchemaTruncatorImpl.java,193,sonar:S107
hibernate-core/org/hibernate/tool/schema/internal/StandardTableExporter.java,51,sonar:S138
hibernate-core/org/hibernate/tool/schema/internal/StandardTableExporter.java,288,sonar:S138
hibernate-core/org/hibernate/tool/schema/spi/SchemaManagementToolCoordinator.java,193,sonar:S138
hibernate-core/org/hibernate/tool/schema/spi/SchemaManagementToolCoordinator.java,374,sonar:S138
hibernate-core/org/hibernate/tuple/BaselineAttributeInformation.java,27,sonar:S107
hibernate-core/org/hibernate/tuple/PropertyFactory.java,118,sonar:S138
hibernate-core/org/hibernate/tuple/entity/EntityMetamodel.java,161,sonar:S138
hibernate-core/org/hibernate/type/StandardBasicTypes.java,808,sonar:S138
hibernate-core/org/hibernate/type/descriptor/jdbc/JsonHelper.java,57,sonar:S138
hibernate-core/org/hibernate/type/descriptor/jdbc/StructJdbcType.java,249,sonar:S138
hibernate-core/org/hibernate/type/descriptor/jdbc/XmlHelper.java,147,sonar:S138
hibernate-core/org/hibernate/type/descriptor/jdbc/XmlHelper.java,147,sonar:S107
hibernate-core/org/hibernate/type/descriptor/jdbc/XmlHelper.java,428,sonar:S138
hibernate-core/org/hibernate/type/descriptor/jdbc/XmlHelper.java,593,sonar:S107
hibernate-core/org/hibernate/type/descriptor/jdbc/XmlHelper.java,593,sonar:S138
hibernate-core/org/hibernate/type/descriptor/jdbc/XmlHelper.java,815,sonar:S138
hibernate-core/org/hibernate/type/format/OsonDocumentWriter.java,142,sonar:S138
hibernate-core/org/hibernate/type/format/StringJsonDocumentWriter.java,258,sonar:S138
hibernate-core/org/hibernate/type/format/StringJsonValueJDBCTypeAdapter.java,43,sonar:S138
hibernate-core/org/hibernate/type/format/jaxb/JaxbXmlFormatMapper.java,75,sonar:S138
hibernate-core/org/hibernate/type/format/jaxb/JaxbXmlFormatMapper.java,277,sonar:S138
hibernate-envers/org/hibernate/envers/configuration/internal/RevisionInfoConfiguration.java,311,sonar:S138
hibernate-envers/org/hibernate/envers/configuration/internal/metadata/ComponentMetadataGenerator.java,44,sonar:S138
hibernate-envers/org/hibernate/envers/configuration/internal/metadata/JoinColumnCollectionMetadataGenerator.java,58,sonar:S138
hibernate-envers/org/hibernate/envers/configuration/internal/metadata/MiddleTableCollectionMetadataGenerator.java,54,sonar:S138
hibernate-envers/org/hibernate/envers/configuration/internal/metadata/ValueMetadataGenerator.java,90,sonar:S107
hibernate-envers/org/hibernate/envers/configuration/internal/metadata/ValueMetadataGenerator.java,138,sonar:S107
hibernate-envers/org/hibernate/envers/configuration/internal/metadata/ValueMetadataGenerator.java,138,sonar:S138
hibernate-envers/org/hibernate/envers/configuration/internal/metadata/reader/PropertyAuditingData.java,114,sonar:S107
hibernate-envers/org/hibernate/envers/function/OrderByFragmentFunction.java,146,sonar:S107
hibernate-envers/org/hibernate/envers/internal/entities/PropertyData.java,87,sonar:S107
hibernate-envers/org/hibernate/envers/internal/entities/PropertyData.java,99,sonar:S107
hibernate-envers/org/hibernate/envers/internal/entities/RelationDescription.java,31,sonar:S107
hibernate-envers/org/hibernate/envers/internal/entities/RelationDescription.java,47,sonar:S107
hibernate-envers/org/hibernate/envers/internal/entities/RelationDescription.java,70,sonar:S107
hibernate-envers/org/hibernate/envers/internal/tools/query/QueryBuilder.java,240,sonar:S107
hibernate-envers/org/hibernate/envers/query/internal/impl/AbstractAuditAssociationQuery.java,336,sonar:S138
hibernate-envers/org/hibernate/envers/strategy/spi/AuditStrategy.java,105,sonar:S107
hibernate-envers/org/hibernate/envers/strategy/spi/AuditStrategy.java,137,sonar:S107
hibernate-micrometer/org/hibernate/stat/HibernateMetrics.java,103,sonar:S138
hibernate-spatial/org/hibernate/spatial/dialect/oracle/OracleSDOFunctionDescriptors.java,38,sonar:S138
hibernate-spatial/org/hibernate/spatial/dialect/sqlserver/SqlServerSqmFunctionDescriptors.java,32,sonar:S138
hibernate-vector/org/hibernate/vector/internal/OracleVectorTypeContributor.java,26,sonar:S138
hibernate-vector/org/hibernate/vector/internal/PGVectorTypeContributor.java,28,sonar:S138
tooling/hibernate-ant/org/hibernate/tool/enhance/EnhancementTask.java,114,sonar:S138
tooling/hibernate-ant/org/hibernate/tool/hbm2ddl/SchemaExport.java,517,sonar:S138
tooling/metamodel-generator/org/hibernate/processor/HibernateProcessor.java,233,sonar:S138
tooling/metamodel-generator/org/hibernate/processor/annotation/AbstractQueryMethod.java,554,sonar:S138
tooling/metamodel-generator/org/hibernate/processor/annotation/AbstractQueryMethod.java,709,sonar:S138
tooling/metamodel-generator/org/hibernate/processor/annotation/AnnotationMetaEntity.java,398,sonar:S138
tooling/metamodel-generator/org/hibernate/processor/annotation/AnnotationMetaEntity.java,2471,sonar:S138
