core/deployment/io/quarkus/deployment/BooleanSupplierFactoryBuildItem.java,34,pmd:NcssCount
core/deployment/io/quarkus/deployment/ExtensionLoader.java,273,pmd:NcssCount
core/deployment/io/quarkus/deployment/builditem/nativeimage/ReflectiveClassBuildItem.java,134,pmd:ExcessiveParameterList
core/deployment/io/quarkus/deployment/builditem/nativeimage/ReflectiveClassBuildItem.java,142,pmd:ExcessiveParameterList
core/deployment/io/quarkus/deployment/console/AeshConsole.java,389,pmd:NcssCount
core/deployment/io/quarkus/deployment/dev/CompilationProvider.java,73,pmd:ExcessiveParameterList
core/deployment/io/quarkus/deployment/dev/RuntimeUpdatesProcessor.java,462,pmd:NcssCount
core/deployment/io/quarkus/deployment/dev/RuntimeUpdatesProcessor.java,752,pmd:NcssCount
core/deployment/io/quarkus/deployment/dev/RuntimeUpdatesProcessor.java,1065,pmd:NcssCount
core/deployment/io/quarkus/deployment/dev/filesystem/watch/WatchServiceFileSystemWatcher.java,67,pmd:NcssCount
core/deployment/io/quarkus/deployment/dev/testing/JunitTestRunner.java,571,pmd:NcssCount
core/deployment/io/quarkus/deployment/dev/testing/TestConsoleHandler.java,171,pmd:NcssCount
core/deployment/io/quarkus/deployment/dev/testing/TestResult.java,26,pmd:ExcessiveParameterList
core/deployment/io/quarkus/deployment/logging/LoggingResourceProcessor.java,250,pmd:ExcessiveParameterList
core/deployment/io/quarkus/deployment/logging/LoggingResourceProcessor.java,399,pmd:ExcessiveParameterList
core/deployment/io/quarkus/deployment/pkg/jar/AbstractFastJarBuilder.java,70,pmd:ExcessiveParameterList
core/deployment/io/quarkus/deployment/pkg/jar/AbstractFastJarBuilder.java,90,pmd:NcssCount
core/deployment/io/quarkus/deployment/pkg/jar/AbstractFastJarBuilder.java,387,pmd:ExcessiveParameterList
core/deployment/io/quarkus/deployment/pkg/jar/AbstractJarBuilder.java,59,pmd:ExcessiveParameterList
core/deployment/io/quarkus/deployment/pkg/jar/AbstractLegacyThinJarBuilder.java,38,pmd:ExcessiveParameterList
core/deployment/io/quarkus/deployment/pkg/jar/AotFastJarBuilder.java,31,pmd:ExcessiveParameterList
core/deployment/io/quarkus/deployment/pkg/jar/FastJarBuilder.java,31,pmd:ExcessiveParameterList
core/deployment/io/quarkus/deployment/pkg/jar/LegacyThinJarBuilder.java,30,pmd:ExcessiveParameterList
core/deployment/io/quarkus/deployment/pkg/jar/NativeImageSourceJarBuilder.java,39,pmd:ExcessiveParameterList
core/deployment/io/quarkus/deployment/pkg/jar/UberJarBuilder.java,65,pmd:ExcessiveParameterList
core/deployment/io/quarkus/deployment/pkg/steps/JarResultBuildStep.java,93,pmd:ExcessiveParameterList
core/deployment/io/quarkus/deployment/pkg/steps/JarResultBuildStep.java,181,pmd:ExcessiveParameterList
core/deployment/io/quarkus/deployment/pkg/steps/NativeImageBuildStep.java,114,pmd:ExcessiveParameterList
core/deployment/io/quarkus/deployment/pkg/steps/NativeImageBuildStep.java,199,pmd:NcssCount
core/deployment/io/quarkus/deployment/pkg/steps/NativeImageBuildStep.java,199,pmd:ExcessiveParameterList
core/deployment/io/quarkus/deployment/pkg/steps/NativeImageBuildStep.java,732,pmd:NcssCount
core/deployment/io/quarkus/deployment/recording/BytecodeRecorderImpl.java,607,pmd:NcssCount
core/deployment/io/quarkus/deployment/recording/BytecodeRecorderImpl.java,1130,pmd:NcssCount
core/deployment/io/quarkus/deployment/steps/ClassTransformingBuildStep.java,83,pmd:ExcessiveParameterList
core/deployment/io/quarkus/deployment/steps/ConfigGenerationBuildStep.java,748,pmd:NcssCount
core/deployment/io/quarkus/deployment/steps/ConfigGenerationBuildStep.java,748,pmd:ExcessiveParameterList
core/deployment/io/quarkus/deployment/steps/MainClassBuildStep.java,133,pmd:NcssCount
core/deployment/io/quarkus/deployment/steps/MainClassBuildStep.java,133,pmd:ExcessiveParameterList
core/deployment/io/quarkus/deployment/steps/MainClassBuildStep.java,601,pmd:NcssCount
core/deployment/io/quarkus/deployment/steps/NativeImageConfigBuildStep.java,33,pmd:ExcessiveParameterList
core/deployment/io/quarkus/deployment/steps/NativeImageReflectConfigStep.java,30,pmd:NcssCount
core/deployment/io/quarkus/deployment/steps/ReflectiveHierarchyStep.java,123,pmd:ExcessiveParameterList
core/deployment/io/quarkus/deployment/steps/ReflectiveHierarchyStep.java,156,pmd:ExcessiveParameterList
core/deployment/io/quarkus/deployment/steps/ReflectiveHierarchyStep.java,204,pmd:ExcessiveParameterList
core/deployment/io/quarkus/deployment/steps/RegisterForReflectionBuildStep.java,86,pmd:ExcessiveParameterList
core/deployment/io/quarkus/deployment/steps/RegisterForReflectionBuildStep.java,120,pmd:ExcessiveParameterList
core/deployment/io/quarkus/deployment/util/CommandLineUtil.java,24,pmd:NcssCount
core/processor/io/quarkus/annotation/processor/documentation/config/discovery/DiscoveryConfigProperty.java,26,pmd:ExcessiveParameterList
core/processor/io/quarkus/annotation/processor/documentation/config/formatter/JavadocToAsciidocTransformer.java,158,pmd:NcssCount
core/processor/io/quarkus/annotation/processor/documentation/config/model/ConfigProperty.java,34,pmd:ExcessiveParameterList
core/processor/io/quarkus/annotation/processor/documentation/config/scanner/ConfigAnnotationScanner.java,165,pmd:NcssCount
core/processor/io/quarkus/annotation/processor/util/AccessorGenerator.java,51,pmd:NcssCount
core/runtime/io/quarkus/runtime/ApplicationLifecycleManager.java,104,pmd:NcssCount
core/runtime/io/quarkus/runtime/logging/LoggingSetupRecorder.java,133,pmd:NcssCount
core/runtime/io/quarkus/runtime/logging/LoggingSetupRecorder.java,133,pmd:ExcessiveParameterList
core/runtime/io/quarkus/runtime/logging/LoggingSetupRecorder.java,407,pmd:ExcessiveParameterList
devtools/gradle/gradle-application-plugin/io/quarkus/gradle/QuarkusPlugin.java,161,pmd:NcssCount
devtools/gradle/gradle-application-plugin/io/quarkus/gradle/tasks/EffectiveConfigProvider.java,33,pmd:ExcessiveParameterList
devtools/gradle/gradle-application-plugin/io/quarkus/gradle/tasks/QuarkusDev.java,424,pmd:NcssCount
devtools/gradle/gradle-application-plugin/io/quarkus/gradle/tasks/QuarkusDev.java,667,pmd:NcssCount
devtools/gradle/gradle-extension-plugin/io/quarkus/extension/gradle/tasks/ExtensionDescriptorTask.java,104,pmd:NcssCount
devtools/maven/io/quarkus/maven/CreateProjectMojo.java,207,pmd:NcssCount
devtools/maven/io/quarkus/maven/DevMojo.java,690,pmd:NcssCount
devtools/maven/io/quarkus/maven/DevMojo.java,1169,pmd:NcssCount
devtools/maven/io/quarkus/maven/DevMojo.java,1394,pmd:NcssCount
extensions/agroal/deployment/io/quarkus/agroal/deployment/AgroalProcessor.java,85,pmd:ExcessiveParameterList
extensions/agroal/runtime/io/quarkus/agroal/runtime/DataSources.java,75,pmd:ExcessiveParameterList
extensions/agroal/runtime/io/quarkus/agroal/runtime/DataSources.java,241,pmd:NcssCount
extensions/agroal/runtime/io/quarkus/agroal/runtime/DataSources.java,241,pmd:ExcessiveParameterList
extensions/amazon-lambda/common-runtime/io/quarkus/amazon/lambda/runtime/AbstractLambdaPollLoop.java,54,pmd:NcssCount
extensions/amazon-lambda/common-runtime/io/quarkus/amazon/lambda/runtime/AbstractLambdaPollLoop.java,62,pmd:NcssCount
extensions/arc/deployment/io/quarkus/arc/deployment/ArcProcessor.java,156,pmd:NcssCount
extensions/arc/deployment/io/quarkus/arc/deployment/ArcProcessor.java,156,pmd:ExcessiveParameterList
extensions/arc/deployment/io/quarkus/arc/deployment/ArcProcessor.java,501,pmd:ExcessiveParameterList
extensions/arc/deployment/io/quarkus/arc/deployment/BeanArchiveProcessor.java,52,pmd:ExcessiveParameterList
extensions/arc/deployment/io/quarkus/arc/deployment/devui/ArcDevModeApiProcessor.java,168,pmd:ExcessiveParameterList
extensions/arc/deployment/io/quarkus/arc/deployment/devui/DevBeanInfo.java,89,pmd:ExcessiveParameterList
extensions/awt/deployment/io/quarkus/awt/deployment/AwtProcessor.java,189,pmd:NcssCount
extensions/container-image/container-image-buildpack/deployment/io/quarkus/container/image/buildpack/deployment/BuildpackProcessor.java,72,pmd:ExcessiveParameterList
extensions/container-image/container-image-buildpack/deployment/io/quarkus/container/image/buildpack/deployment/BuildpackProcessor.java,107,pmd:ExcessiveParameterList
extensions/container-image/container-image-docker-common/deployment/io/quarkus/container/image/docker/common/deployment/CommonProcessor.java,56,pmd:ExcessiveParameterList
extensions/container-image/container-image-docker-common/deployment/io/quarkus/container/image/docker/common/deployment/CommonProcessor.java,195,pmd:ExcessiveParameterList
extensions/container-image/container-image-docker/deployment/io/quarkus/container/image/docker/deployment/DockerProcessor.java,54,pmd:ExcessiveParameterList
extensions/container-image/container-image-docker/deployment/io/quarkus/container/image/docker/deployment/DockerProcessor.java,75,pmd:ExcessiveParameterList
extensions/container-image/container-image-jib/deployment/io/quarkus/container/image/jib/deployment/JibProcessor.java,157,pmd:ExcessiveParameterList
extensions/container-image/container-image-jib/deployment/io/quarkus/container/image/jib/deployment/JibProcessor.java,208,pmd:ExcessiveParameterList
extensions/container-image/container-image-jib/deployment/io/quarkus/container/image/jib/deployment/JibProcessor.java,441,pmd:NcssCount
extensions/container-image/container-image-openshift/deployment/io/quarkus/container/image/openshift/deployment/OpenshiftProcessor.java,123,pmd:ExcessiveParameterList
extensions/container-image/container-image-openshift/deployment/io/quarkus/container/image/openshift/deployment/OpenshiftProcessor.java,240,pmd:ExcessiveParameterList
extensions/container-image/container-image-openshift/deployment/io/quarkus/container/image/openshift/deployment/OpenshiftProcessor.java,312,pmd:ExcessiveParameterList
extensions/container-image/container-image-podman/deployment/io/quarkus/container/image/podman/deployment/PodmanProcessor.java,53,pmd:ExcessiveParameterList
extensions/container-image/container-image-podman/deployment/io/quarkus/container/image/podman/deployment/PodmanProcessor.java,72,pmd:ExcessiveParameterList
extensions/datasource/deployment-spi/io/quarkus/datasource/deployment/spi/DevServicesDatasourceContainerConfig.java,25,pmd:ExcessiveParameterList
extensions/datasource/deployment/io/quarkus/datasource/deployment/devservices/DevServicesDatasourceProcessor.java,52,pmd:ExcessiveParameterList
extensions/datasource/deployment/io/quarkus/datasource/deployment/devservices/DevServicesDatasourceProcessor.java,142,pmd:ExcessiveParameterList
extensions/datasource/deployment/io/quarkus/datasource/deployment/devservices/DevServicesDatasourceProcessor.java,330,pmd:ExcessiveParameterList
extensions/devservices/deployment/io/quarkus/devservices/deployment/compose/ComposeProject.java,72,pmd:ExcessiveParameterList
extensions/devservices/keycloak/io/quarkus/devservices/keycloak/KeycloakDevServicesProcessor.java,552,pmd:ExcessiveParameterList
extensions/devui/deployment-spi/io/quarkus/devui/spi/page/Page.java,38,pmd:ExcessiveParameterList
extensions/devui/deployment/io/quarkus/devui/deployment/DevUIProcessor.java,171,pmd:ExcessiveParameterList
extensions/devui/deployment/io/quarkus/devui/deployment/DevUIProcessor.java,467,pmd:NcssCount
extensions/devui/deployment/io/quarkus/devui/deployment/DevUIProcessor.java,741,pmd:NcssCount
extensions/devui/deployment/io/quarkus/devui/deployment/DevUIProcessor.java,741,pmd:ExcessiveParameterList
extensions/devui/runtime/io/quarkus/devui/runtime/build/BuildMetricsDevUIController.java,65,pmd:NcssCount
extensions/devui/runtime/io/quarkus/devui/runtime/config/ConfigDevUIRecorder.java,43,pmd:NcssCount
extensions/elasticsearch-rest-client-common/deployment/io/quarkus/elasticsearch/restclient/common/deployment/DevServicesElasticsearchProcessor.java,75,pmd:ExcessiveParameterList
extensions/flyway/runtime/io/quarkus/flyway/runtime/FlywayContainer.java,21,pmd:ExcessiveParameterList
extensions/flyway/runtime/io/quarkus/flyway/runtime/FlywayCreator.java,52,pmd:NcssCount
extensions/funqy/funqy-amazon-lambda/runtime/io/quarkus/funqy/lambda/model/cloudevents/CloudEventV1.java,36,pmd:ExcessiveParameterList
extensions/funqy/funqy-http/deployment/io/quarkus/funqy/deployment/bindings/http/FunqyHttpBuildStep.java,66,pmd:ExcessiveParameterList
extensions/funqy/funqy-knative-events/deployment/io/quarkus/funqy/deployment/bindings/knative/events/FunqyKnativeEventsBuildStep.java,66,pmd:ExcessiveParameterList
extensions/funqy/funqy-knative-events/runtime/io/quarkus/funqy/knative/events/CloudEventBuilder.java,119,pmd:ExcessiveParameterList
extensions/funqy/funqy-knative-events/runtime/io/quarkus/funqy/runtime/bindings/knative/events/KnativeEventsBindingRecorder.java,76,pmd:NcssCount
extensions/grpc/deployment/io/quarkus/grpc/deployment/GrpcClientProcessor.java,123,pmd:NcssCount
extensions/grpc/deployment/io/quarkus/grpc/deployment/GrpcServerProcessor.java,698,pmd:ExcessiveParameterList
extensions/grpc/runtime/io/quarkus/grpc/runtime/GrpcServerRecorder.java,135,pmd:ExcessiveParameterList
extensions/grpc/runtime/io/quarkus/grpc/runtime/GrpcServerRecorder.java,186,pmd:NcssCount
extensions/grpc/runtime/io/quarkus/grpc/runtime/GrpcServerRecorder.java,186,pmd:ExcessiveParameterList
extensions/grpc/runtime/io/quarkus/grpc/runtime/GrpcSslUtils.java,33,pmd:NcssCount
extensions/grpc/runtime/io/quarkus/grpc/runtime/supports/Channels.java,95,pmd:NcssCount
extensions/hibernate-orm/deployment/io/quarkus/hibernate/orm/deployment/HibernateOrmProcessor.java,360,pmd:ExcessiveParameterList
extensions/hibernate-orm/deployment/io/quarkus/hibernate/orm/deployment/HibernateOrmProcessor.java,590,pmd:ExcessiveParameterList
extensions/hibernate-orm/deployment/io/quarkus/hibernate/orm/deployment/HibernateOrmProcessor.java,947,pmd:ExcessiveParameterList
extensions/hibernate-orm/deployment/io/quarkus/hibernate/orm/deployment/HibernateOrmProcessor.java,1057,pmd:ExcessiveParameterList
extensions/hibernate-orm/deployment/io/quarkus/hibernate/orm/deployment/HibernateOrmProcessor.java,1262,pmd:NcssCount
extensions/hibernate-orm/runtime/io/quarkus/hibernate/orm/runtime/boot/FastBootEntityManagerFactoryBuilder.java,62,pmd:ExcessiveParameterList
extensions/hibernate-orm/runtime/io/quarkus/hibernate/orm/runtime/boot/FastBootMetadataBuilder.java,242,pmd:NcssCount
extensions/hibernate-orm/runtime/io/quarkus/hibernate/orm/runtime/boot/QuarkusPersistenceUnitDescriptor.java,59,pmd:ExcessiveParameterList
extensions/hibernate-orm/runtime/io/quarkus/hibernate/orm/runtime/recording/RecordedConfig.java,31,pmd:ExcessiveParameterList
extensions/hibernate-orm/runtime/io/quarkus/hibernate/orm/runtime/recording/RecordedState.java,28,pmd:ExcessiveParameterList
extensions/hibernate-reactive/deployment/io/quarkus/hibernate/reactive/deployment/HibernateReactiveProcessor.java,111,pmd:ExcessiveParameterList
extensions/hibernate-reactive/deployment/io/quarkus/hibernate/reactive/deployment/HibernateReactiveProcessor.java,181,pmd:ExcessiveParameterList
extensions/hibernate-reactive/deployment/io/quarkus/hibernate/reactive/deployment/HibernateReactiveProcessor.java,328,pmd:ExcessiveParameterList
extensions/hibernate-reactive/runtime/io/quarkus/hibernate/reactive/runtime/boot/FastBootReactiveEntityManagerFactoryBuilder.java,21,pmd:ExcessiveParameterList
extensions/hibernate-validator/deployment/io/quarkus/hibernate/validator/deployment/HibernateValidatorProcessor.java,462,pmd:NcssCount
extensions/hibernate-validator/deployment/io/quarkus/hibernate/validator/deployment/HibernateValidatorProcessor.java,462,pmd:ExcessiveParameterList
extensions/infinispan-client/deployment/io/quarkus/infinispan/client/deployment/InfinispanClientProcessor.java,173,pmd:NcssCount
extensions/infinispan-client/deployment/io/quarkus/infinispan/client/deployment/InfinispanClientProcessor.java,173,pmd:ExcessiveParameterList
extensions/infinispan-client/runtime/io/quarkus/infinispan/client/runtime/InfinispanClientProducer.java,139,pmd:NcssCount
extensions/jackson/deployment/io/quarkus/jackson/deployment/JacksonProcessor.java,136,pmd:NcssCount
extensions/jaxb/deployment/io/quarkus/jaxb/deployment/JaxbProcessor.java,193,pmd:ExcessiveParameterList
extensions/kafka-client/deployment/io/quarkus/kafka/client/deployment/KafkaProcessor.java,236,pmd:ExcessiveParameterList
extensions/keycloak-authorization/runtime/io/quarkus/keycloak/pep/runtime/HttpClientBuilder.java,267,pmd:NcssCount
extensions/kubernetes-client/deployment/io/quarkus/kubernetes/client/deployment/DevServicesKubernetesProcessor.java,100,pmd:ExcessiveParameterList
extensions/kubernetes-client/deployment/io/quarkus/kubernetes/client/deployment/KubernetesClientProcessor.java,101,pmd:ExcessiveParameterList
extensions/kubernetes/kind/deployment/io/quarkus/kind/deployment/KindProcessor.java,110,pmd:ExcessiveParameterList
extensions/kubernetes/kind/deployment/io/quarkus/kind/deployment/KindProcessor.java,146,pmd:ExcessiveParameterList
extensions/kubernetes/minikube/deployment/io/quarkus/minikube/deployment/MinikubeProcessor.java,106,pmd:ExcessiveParameterList
extensions/kubernetes/minikube/deployment/io/quarkus/minikube/deployment/MinikubeProcessor.java,141,pmd:ExcessiveParameterList
extensions/kubernetes/vanilla/deployment/io/quarkus/kubernetes/deployment/BaseKubeProcessor.java,201,pmd:ExcessiveParameterList
extensions/kubernetes/vanilla/deployment/io/quarkus/kubernetes/deployment/BaseKubeProcessor.java,274,pmd:ExcessiveParameterList
extensions/kubernetes/vanilla/deployment/io/quarkus/kubernetes/deployment/BaseKubeProcessor.java,327,pmd:NcssCount
extensions/kubernetes/vanilla/deployment/io/quarkus/kubernetes/deployment/BaseKubeProcessor.java,839,pmd:ExcessiveParameterList
extensions/kubernetes/vanilla/deployment/io/quarkus/kubernetes/deployment/BaseVanillaKubernetesProcessor.java,63,pmd:ExcessiveParameterList
extensions/kubernetes/vanilla/deployment/io/quarkus/kubernetes/deployment/InitTaskProcessor.java,27,pmd:ExcessiveParameterList
extensions/kubernetes/vanilla/deployment/io/quarkus/kubernetes/deployment/KnativeProcessor.java,170,pmd:ExcessiveParameterList
extensions/kubernetes/vanilla/deployment/io/quarkus/kubernetes/deployment/KubernetesDeployer.java,115,pmd:ExcessiveParameterList
extensions/kubernetes/vanilla/deployment/io/quarkus/kubernetes/deployment/KubernetesProcessor.java,98,pmd:ExcessiveParameterList
extensions/kubernetes/vanilla/deployment/io/quarkus/kubernetes/deployment/OpenshiftProcessor.java,195,pmd:ExcessiveParameterList
extensions/kubernetes/vanilla/deployment/io/quarkus/kubernetes/deployment/OpenshiftProcessor.java,390,pmd:ExcessiveParameterList
extensions/kubernetes/vanilla/deployment/io/quarkus/kubernetes/deployment/VanillaKubernetesProcessor.java,139,pmd:ExcessiveParameterList
extensions/kubernetes/vanilla/deployment/io/quarkus/kubernetes/deployment/VanillaKubernetesProcessor.java,255,pmd:ExcessiveParameterList
extensions/mailer/runtime/io/quarkus/mailer/runtime/MutinyMailerImpl.java,60,pmd:ExcessiveParameterList
extensions/mongodb-client/deployment/io/quarkus/mongodb/deployment/DevServicesMongoProcessor.java,71,pmd:ExcessiveParameterList
extensions/mongodb-client/deployment/io/quarkus/mongodb/deployment/MongoClientProcessor.java,291,pmd:ExcessiveParameterList
extensions/narayana-jta/deployment/io/quarkus/narayana/jta/deployment/NarayanaJtaProcessor.java,96,pmd:ExcessiveParameterList
extensions/netty/runtime/io/quarkus/netty/runtime/graal/NettySubstitutions.java,168,pmd:ExcessiveParameterList
extensions/netty/runtime/io/quarkus/netty/runtime/graal/NettySubstitutions.java,183,pmd:ExcessiveParameterList
extensions/netty/runtime/io/quarkus/netty/runtime/graal/NettySubstitutions.java,238,pmd:ExcessiveParameterList
extensions/netty/runtime/io/quarkus/netty/runtime/graal/NettySubstitutions.java,257,pmd:ExcessiveParameterList
extensions/observability-devservices/deployment/io/quarkus/observability/deployment/ObservabilityDevServiceProcessor.java,84,pmd:ExcessiveParameterList
extensions/oidc-client/runtime/io/quarkus/oidc/client/runtime/OidcClientImpl.java,192,pmd:NcssCount
extensions/oidc-client/runtime/io/quarkus/oidc/client/runtime/OidcClientImpl.java,475,pmd:ExcessiveParameterList
extensions/oidc/deployment/io/quarkus/oidc/deployment/devservices/AbstractDevUIProcessor.java,27,pmd:ExcessiveParameterList
extensions/oidc/runtime-dev/io/quarkus/oidc/runtime/dev/ui/OidcDevServicesUtils.java,166,pmd:ExcessiveParameterList
extensions/oidc/runtime-dev/io/quarkus/oidc/runtime/dev/ui/OidcDevUiRecorder.java,49,pmd:ExcessiveParameterList
extensions/oidc/runtime-dev/io/quarkus/oidc/runtime/dev/ui/OidcDevUiRpcSvcPropertiesBean.java,35,pmd:ExcessiveParameterList
extensions/oidc/runtime-dev/io/quarkus/oidc/runtime/dev/ui/OidcDevUiRuntimePropertiesDTO.java,43,pmd:ExcessiveParameterList
extensions/oidc/runtime/io/quarkus/oidc/OidcConfigurationMetadata.java,42,pmd:ExcessiveParameterList
extensions/oidc/runtime/io/quarkus/oidc/runtime/OidcIdentityProvider.java,442,pmd:NcssCount
extensions/oidc/runtime/io/quarkus/oidc/runtime/OidcProvider.java,203,pmd:NcssCount
extensions/oidc/runtime/io/quarkus/oidc/runtime/OidcProviderClientImpl.java,332,pmd:NcssCount
extensions/oidc/runtime/io/quarkus/oidc/runtime/TenantContextFactory.java,166,pmd:NcssCount
extensions/opentelemetry/runtime/io/quarkus/opentelemetry/runtime/exporter/otlp/sender/VertxGrpcSender.java,210,pmd:ExcessiveParameterList
extensions/opentelemetry/runtime/io/quarkus/opentelemetry/runtime/exporter/otlp/sender/VertxHttpSender.java,212,pmd:ExcessiveParameterList
extensions/quartz/runtime/io/quarkus/quartz/runtime/QuartzSchedulerImpl.java,119,pmd:NcssCount
extensions/quartz/runtime/io/quarkus/quartz/runtime/QuartzSchedulerImpl.java,119,pmd:ExcessiveParameterList
extensions/quartz/runtime/io/quarkus/quartz/runtime/QuartzSchedulerImpl.java,691,pmd:NcssCount
extensions/qute/deployment/io/quarkus/qute/deployment/MessageBundleProcessor.java,129,pmd:NcssCount
extensions/qute/deployment/io/quarkus/qute/deployment/MessageBundleProcessor.java,444,pmd:NcssCount
extensions/qute/deployment/io/quarkus/qute/deployment/MessageBundleProcessor.java,444,pmd:ExcessiveParameterList
extensions/qute/deployment/io/quarkus/qute/deployment/QuteProcessor.java,173,pmd:NcssCount
extensions/qute/deployment/io/quarkus/qute/deployment/QuteProcessor.java,309,pmd:NcssCount
extensions/qute/deployment/io/quarkus/qute/deployment/QuteProcessor.java,642,pmd:ExcessiveParameterList
extensions/qute/deployment/io/quarkus/qute/deployment/QuteProcessor.java,1001,pmd:ExcessiveParameterList
extensions/qute/deployment/io/quarkus/qute/deployment/QuteProcessor.java,1212,pmd:NcssCount
extensions/qute/deployment/io/quarkus/qute/deployment/QuteProcessor.java,1212,pmd:ExcessiveParameterList
extensions/qute/deployment/io/quarkus/qute/deployment/QuteProcessor.java,1389,pmd:NcssCount
extensions/qute/deployment/io/quarkus/qute/deployment/QuteProcessor.java,1389,pmd:ExcessiveParameterList
extensions/qute/deployment/io/quarkus/qute/deployment/QuteProcessor.java,1526,pmd:ExcessiveParameterList
extensions/qute/deployment/io/quarkus/qute/deployment/QuteProcessor.java,1716,pmd:ExcessiveParameterList
extensions/qute/deployment/io/quarkus/qute/deployment/QuteProcessor.java,1952,pmd:NcssCount
extensions/qute/deployment/io/quarkus/qute/deployment/QuteProcessor.java,1952,pmd:ExcessiveParameterList
extensions/qute/deployment/io/quarkus/qute/deployment/QuteProcessor.java,2288,pmd:ExcessiveParameterList
extensions/qute/deployment/io/quarkus/qute/deployment/QuteProcessor.java,2714,pmd:NcssCount
extensions/qute/deployment/io/quarkus/qute/deployment/QuteProcessor.java,2843,pmd:ExcessiveParameterList
extensions/qute/runtime/io/quarkus/qute/runtime/EngineProducer.java,94,pmd:NcssCount
extensions/qute/runtime/io/quarkus/qute/runtime/EngineProducer.java,94,pmd:ExcessiveParameterList
extensions/reactive-db2-client/deployment/io/quarkus/reactive/db2/client/deployment/ReactiveDB2ClientProcessor.java,79,pmd:ExcessiveParameterList
extensions/reactive-mssql-client/deployment/io/quarkus/reactive/mssql/client/deployment/ReactiveMSSQLClientProcessor.java,79,pmd:ExcessiveParameterList
extensions/reactive-mysql-client/deployment/io/quarkus/reactive/mysql/client/deployment/ReactiveMySQLClientProcessor.java,79,pmd:ExcessiveParameterList
extensions/reactive-oracle-client/deployment/io/quarkus/reactive/oracle/client/deployment/ReactiveOracleClientProcessor.java,79,pmd:ExcessiveParameterList
extensions/reactive-pg-client/deployment/io/quarkus/reactive/pg/client/deployment/ReactivePgClientProcessor.java,91,pmd:ExcessiveParameterList
extensions/reactive-routes/deployment/io/quarkus/vertx/web/deployment/ReactiveRoutesProcessor.java,274,pmd:NcssCount
extensions/reactive-routes/deployment/io/quarkus/vertx/web/deployment/ReactiveRoutesProcessor.java,274,pmd:ExcessiveParameterList
extensions/reactive-routes/deployment/io/quarkus/vertx/web/deployment/ReactiveRoutesProcessor.java,597,pmd:ExcessiveParameterList
extensions/reactive-routes/deployment/io/quarkus/vertx/web/deployment/ReactiveRoutesProcessor.java,691,pmd:ExcessiveParameterList
extensions/redis-client/deployment/io/quarkus/redis/deployment/client/RedisClientProcessor.java,121,pmd:ExcessiveParameterList
extensions/redis-client/runtime/io/quarkus/redis/datasource/search/QueryArgs.java,439,pmd:NcssCount
extensions/resteasy-classic/resteasy-client/runtime/io/quarkus/restclient/runtime/QuarkusProxyInvocationHandler.java,90,pmd:NcssCount
extensions/resteasy-classic/resteasy-client/runtime/io/quarkus/restclient/runtime/QuarkusRestClientBuilder.java,252,pmd:NcssCount
extensions/resteasy-classic/resteasy-server-common/deployment/io/quarkus/resteasy/server/common/deployment/ResteasyServerCommonProcessor.java,190,pmd:NcssCount
extensions/resteasy-classic/resteasy-server-common/deployment/io/quarkus/resteasy/server/common/deployment/ResteasyServerCommonProcessor.java,190,pmd:ExcessiveParameterList
extensions/resteasy-classic/resteasy/deployment/io/quarkus/resteasy/deployment/ResteasyStandaloneBuildStep.java,88,pmd:ExcessiveParameterList
extensions/resteasy-classic/resteasy/runtime/io/quarkus/resteasy/runtime/standalone/VertxHttpRequest.java,64,pmd:ExcessiveParameterList
extensions/resteasy-reactive/rest-client-jaxrs/deployment/io/quarkus/jaxrs/client/reactive/deployment/JaxrsClientReactiveEnricher.java,52,pmd:ExcessiveParameterList
extensions/resteasy-reactive/rest-client-jaxrs/deployment/io/quarkus/jaxrs/client/reactive/deployment/JaxrsClientReactiveEnricher.java,71,pmd:ExcessiveParameterList
extensions/resteasy-reactive/rest-client-jaxrs/deployment/io/quarkus/jaxrs/client/reactive/deployment/JaxrsClientReactiveEnricher.java,96,pmd:ExcessiveParameterList
extensions/resteasy-reactive/rest-client-jaxrs/deployment/io/quarkus/jaxrs/client/reactive/deployment/JaxrsClientReactiveProcessor.java,283,pmd:NcssCount
extensions/resteasy-reactive/rest-client-jaxrs/deployment/io/quarkus/jaxrs/client/reactive/deployment/JaxrsClientReactiveProcessor.java,283,pmd:ExcessiveParameterList
extensions/resteasy-reactive/rest-client-jaxrs/deployment/io/quarkus/jaxrs/client/reactive/deployment/JaxrsClientReactiveProcessor.java,858,pmd:NcssCount
extensions/resteasy-reactive/rest-client-jaxrs/deployment/io/quarkus/jaxrs/client/reactive/deployment/JaxrsClientReactiveProcessor.java,858,pmd:ExcessiveParameterList
extensions/resteasy-reactive/rest-client-jaxrs/deployment/io/quarkus/jaxrs/client/reactive/deployment/JaxrsClientReactiveProcessor.java,1563,pmd:NcssCount
extensions/resteasy-reactive/rest-client-jaxrs/deployment/io/quarkus/jaxrs/client/reactive/deployment/JaxrsClientReactiveProcessor.java,1563,pmd:ExcessiveParameterList
extensions/resteasy-reactive/rest-client-jaxrs/deployment/io/quarkus/jaxrs/client/reactive/deployment/JaxrsClientReactiveProcessor.java,2224,pmd:ExcessiveParameterList
extensions/resteasy-reactive/rest-client-jaxrs/deployment/io/quarkus/jaxrs/client/reactive/deployment/JaxrsClientReactiveProcessor.java,2257,pmd:ExcessiveParameterList
extensions/resteasy-reactive/rest-client-jaxrs/deployment/io/quarkus/jaxrs/client/reactive/deployment/JaxrsClientReactiveProcessor.java,2544,pmd:NcssCount
extensions/resteasy-reactive/rest-client-jaxrs/deployment/io/quarkus/jaxrs/client/reactive/deployment/JaxrsClientReactiveProcessor.java,2544,pmd:ExcessiveParameterList
extensions/resteasy-reactive/rest-client-jaxrs/deployment/io/quarkus/jaxrs/client/reactive/deployment/JaxrsClientReactiveProcessor.java,2910,pmd:ExcessiveParameterList
extensions/resteasy-reactive/rest-client-jaxrs/deployment/io/quarkus/jaxrs/client/reactive/deployment/JaxrsClientReactiveProcessor.java,2942,pmd:ExcessiveParameterList
extensions/resteasy-reactive/rest-client-jaxrs/deployment/io/quarkus/jaxrs/client/reactive/deployment/JaxrsClientReactiveProcessor.java,3115,pmd:NcssCount
extensions/resteasy-reactive/rest-client-jaxrs/deployment/io/quarkus/jaxrs/client/reactive/deployment/JaxrsClientReactiveProcessor.java,3115,pmd:ExcessiveParameterList
extensions/resteasy-reactive/rest-client-jaxrs/deployment/io/quarkus/jaxrs/client/reactive/deployment/JaxrsClientReactiveProcessor.java,3328,pmd:ExcessiveParameterList
extensions/resteasy-reactive/rest-client-jaxrs/deployment/io/quarkus/jaxrs/client/reactive/deployment/JaxrsClientReactiveProcessor.java,3424,pmd:ExcessiveParameterList
extensions/resteasy-reactive/rest-client/deployment/io/quarkus/rest/client/reactive/deployment/MicroProfileRestClientEnricher.java,244,pmd:ExcessiveParameterList
extensions/resteasy-reactive/rest-client/deployment/io/quarkus/rest/client/reactive/deployment/MicroProfileRestClientEnricher.java,367,pmd:NcssCount
extensions/resteasy-reactive/rest-client/deployment/io/quarkus/rest/client/reactive/deployment/MicroProfileRestClientEnricher.java,367,pmd:ExcessiveParameterList
extensions/resteasy-reactive/rest-client/deployment/io/quarkus/rest/client/reactive/deployment/MicroProfileRestClientEnricher.java,498,pmd:ExcessiveParameterList
extensions/resteasy-reactive/rest-client/deployment/io/quarkus/rest/client/reactive/deployment/MicroProfileRestClientEnricher.java,518,pmd:ExcessiveParameterList
extensions/resteasy-reactive/rest-client/deployment/io/quarkus/rest/client/reactive/deployment/MicroProfileRestClientEnricher.java,596,pmd:ExcessiveParameterList
extensions/resteasy-reactive/rest-client/deployment/io/quarkus/rest/client/reactive/deployment/MicroProfileRestClientEnricher.java,749,pmd:NcssCount
extensions/resteasy-reactive/rest-client/deployment/io/quarkus/rest/client/reactive/deployment/RestClientReactiveProcessor.java,306,pmd:NcssCount
extensions/resteasy-reactive/rest-client/deployment/io/quarkus/rest/client/reactive/deployment/RestClientReactiveProcessor.java,306,pmd:ExcessiveParameterList
extensions/resteasy-reactive/rest-client/deployment/io/quarkus/rest/client/reactive/deployment/RestClientReactiveProcessor.java,604,pmd:ExcessiveParameterList
extensions/resteasy-reactive/rest-client/runtime/io/quarkus/rest/client/reactive/runtime/RestClientBuilderImpl.java,486,pmd:NcssCount
extensions/resteasy-reactive/rest-common/deployment/io/quarkus/resteasy/reactive/common/deployment/SerializersUtil.java,26,pmd:ExcessiveParameterList
extensions/resteasy-reactive/rest-csrf/runtime/io/quarkus/csrf/reactive/runtime/CsrfRequestResponseReactiveFilter.java,65,pmd:NcssCount
extensions/resteasy-reactive/rest/deployment/io/quarkus/resteasy/reactive/server/deployment/CustomResourceProducersGenerator.java,113,pmd:NcssCount
extensions/resteasy-reactive/rest/deployment/io/quarkus/resteasy/reactive/server/deployment/ResteasyReactiveProcessor.java,456,pmd:NcssCount
extensions/resteasy-reactive/rest/deployment/io/quarkus/resteasy/reactive/server/deployment/ResteasyReactiveProcessor.java,456,pmd:ExcessiveParameterList
extensions/resteasy-reactive/rest/deployment/io/quarkus/resteasy/reactive/server/deployment/ResteasyReactiveProcessor.java,1277,pmd:ExcessiveParameterList
extensions/resteasy-reactive/rest/deployment/io/quarkus/resteasy/reactive/server/deployment/ResteasyReactiveProcessor.java,1401,pmd:NcssCount
extensions/resteasy-reactive/rest/deployment/io/quarkus/resteasy/reactive/server/deployment/ResteasyReactiveProcessor.java,1401,pmd:ExcessiveParameterList
extensions/resteasy-reactive/rest/deployment/io/quarkus/resteasy/reactive/server/deployment/ResteasyReactiveScanningProcessor.java,377,pmd:NcssCount
extensions/resteasy-reactive/rest/deployment/io/quarkus/resteasy/reactive/server/deployment/ResteasyReactiveScanningProcessor.java,377,pmd:ExcessiveParameterList
extensions/scheduler/common/io/quarkus/scheduler/common/runtime/SyntheticScheduled.java,28,pmd:ExcessiveParameterList
extensions/scheduler/deployment/io/quarkus/scheduler/deployment/SchedulerProcessor.java,613,pmd:NcssCount
extensions/scheduler/runtime/io/quarkus/scheduler/runtime/SimpleScheduler.java,79,pmd:ExcessiveParameterList
extensions/security/deployment/io/quarkus/security/deployment/PermissionSecurityChecks.java,581,pmd:NcssCount
extensions/security/deployment/io/quarkus/security/deployment/SecurityProcessor.java,835,pmd:ExcessiveParameterList
extensions/security/deployment/io/quarkus/security/deployment/SecurityProcessor.java,947,pmd:NcssCount
extensions/security/deployment/io/quarkus/security/deployment/SecurityProcessor.java,947,pmd:ExcessiveParameterList
extensions/smallrye-context-propagation/deployment/io/quarkus/smallrye/context/deployment/SmallRyeContextPropagationProcessor.java,175,pmd:NcssCount
extensions/smallrye-fault-tolerance/deployment/io/quarkus/smallrye/faulttolerance/deployment/SmallRyeFaultToleranceProcessor.java,83,pmd:ExcessiveParameterList
extensions/smallrye-fault-tolerance/deployment/io/quarkus/smallrye/faulttolerance/deployment/SmallRyeFaultToleranceProcessor.java,244,pmd:ExcessiveParameterList
extensions/smallrye-graphql/deployment/io/quarkus/smallrye/graphql/deployment/SmallRyeGraphQLProcessor.java,420,pmd:ExcessiveParameterList
extensions/smallrye-openapi/deployment/io/quarkus/smallrye/openapi/deployment/SmallRyeOpenApiProcessor.java,378,pmd:ExcessiveParameterList
extensions/smallrye-openapi/deployment/io/quarkus/smallrye/openapi/deployment/SmallRyeOpenApiProcessor.java,1135,pmd:ExcessiveParameterList
extensions/smallrye-openapi/deployment/io/quarkus/smallrye/openapi/deployment/SmallRyeOpenApiProcessor.java,1226,pmd:ExcessiveParameterList
extensions/smallrye-reactive-messaging/deployment/io/quarkus/smallrye/reactivemessaging/deployment/QuarkusMediatorConfigurationUtil.java,53,pmd:NcssCount
extensions/smallrye-reactive-messaging/deployment/io/quarkus/smallrye/reactivemessaging/deployment/SmallRyeReactiveMessagingProcessor.java,262,pmd:ExcessiveParameterList
extensions/spring-boot-properties/deployment/io/quarkus/spring/boot/properties/deployment/ClassConfigurationPropertiesUtil.java,219,pmd:NcssCount
extensions/spring-boot-properties/deployment/io/quarkus/spring/boot/properties/deployment/ClassConfigurationPropertiesUtil.java,410,pmd:ExcessiveParameterList
extensions/spring-boot-properties/deployment/io/quarkus/spring/boot/properties/deployment/InterfaceConfigurationPropertiesUtil.java,104,pmd:NcssCount
extensions/spring-data-jpa/deployment/io/quarkus/spring/data/deployment/MethodNameParser.java,84,pmd:NcssCount
extensions/spring-data-jpa/deployment/io/quarkus/spring/data/deployment/generate/AbstractMethodsAdder.java,70,pmd:NcssCount
extensions/spring-data-jpa/deployment/io/quarkus/spring/data/deployment/generate/AbstractMethodsAdder.java,70,pmd:ExcessiveParameterList
extensions/spring-data-jpa/deployment/io/quarkus/spring/data/deployment/generate/CustomQueryMethodsAdder.java,72,pmd:NcssCount
extensions/spring-data-jpa/deployment/io/quarkus/spring/data/deployment/generate/DerivedMethodsAdder.java,60,pmd:NcssCount
extensions/spring-di/deployment/io/quarkus/spring/di/deployment/SpringDIProcessor.java,295,pmd:NcssCount
extensions/spring-security/deployment/io/quarkus/spring/security/deployment/BeanMethodInvocationGenerator.java,69,pmd:NcssCount
extensions/spring-security/deployment/io/quarkus/spring/security/deployment/SpringSecurityProcessor.java,357,pmd:NcssCount
extensions/spring-web/resteasy-reactive/deployment/io/quarkus/spring/web/resteasy/reactive/deployment/SpringWebResteasyReactiveProcessor.java,208,pmd:NcssCount
extensions/swagger-ui/deployment/io/quarkus/swaggerui/deployment/SwaggerUiProcessor.java,196,pmd:NcssCount
extensions/undertow/deployment/io/quarkus/undertow/deployment/UndertowBuildStep.java,379,pmd:NcssCount
extensions/undertow/deployment/io/quarkus/undertow/deployment/UndertowBuildStep.java,379,pmd:ExcessiveParameterList
extensions/undertow/deployment/io/quarkus/undertow/deployment/UndertowBuildStep.java,722,pmd:NcssCount
extensions/undertow/runtime/io/quarkus/undertow/runtime/UndertowDeploymentRecorder.java,180,pmd:ExcessiveParameterList
extensions/vertx-http/deployment/io/quarkus/vertx/http/deployment/HttpSecurityProcessor.java,375,pmd:ExcessiveParameterList
extensions/vertx-http/deployment/io/quarkus/vertx/http/deployment/VertxHttpProcessor.java,422,pmd:ExcessiveParameterList
extensions/vertx-http/deployment/io/quarkus/vertx/http/deployment/VertxHttpProcessor.java,536,pmd:ExcessiveParameterList
extensions/vertx-http/runtime/io/quarkus/vertx/http/runtime/ForwardingProxyOptions.java,23,pmd:ExcessiveParameterList
extensions/vertx-http/runtime/io/quarkus/vertx/http/runtime/QuarkusErrorHandler.java,80,pmd:NcssCount
extensions/vertx-http/runtime/io/quarkus/vertx/http/runtime/VertxHttpRecorder.java,408,pmd:NcssCount
extensions/vertx-http/runtime/io/quarkus/vertx/http/runtime/VertxHttpRecorder.java,408,pmd:ExcessiveParameterList
extensions/vertx-http/runtime/io/quarkus/vertx/http/runtime/VertxHttpRecorder.java,894,pmd:ExcessiveParameterList
extensions/vertx-http/runtime/io/quarkus/vertx/http/runtime/VertxHttpRecorder.java,1211,pmd:ExcessiveParameterList
extensions/vertx-http/runtime/io/quarkus/vertx/http/runtime/attribute/ExchangeAttributeParser.java,60,pmd:NcssCount
extensions/vertx-http/runtime/io/quarkus/vertx/http/runtime/devmode/ConfigDescriptionsManager.java,72,pmd:NcssCount
extensions/vertx-http/runtime/io/quarkus/vertx/http/runtime/options/HttpServerOptionsUtils.java,286,pmd:NcssCount
extensions/vertx-http/runtime/io/quarkus/vertx/http/runtime/options/TlsCertificateReloader.java,49,pmd:NcssCount
extensions/vertx-http/runtime/io/quarkus/vertx/http/runtime/security/FormAuthenticationMechanism.java,127,pmd:ExcessiveParameterList
extensions/vertx/deployment/io/quarkus/vertx/deployment/VertxProcessor.java,115,pmd:ExcessiveParameterList
extensions/websockets-next/deployment/io/quarkus/websockets/next/deployment/WebSocketEndpointBuildItem.java,34,pmd:ExcessiveParameterList
extensions/websockets-next/deployment/io/quarkus/websockets/next/deployment/WebSocketProcessor.java,320,pmd:NcssCount
extensions/websockets-next/deployment/io/quarkus/websockets/next/deployment/WebSocketProcessor.java,483,pmd:ExcessiveParameterList
extensions/websockets-next/deployment/io/quarkus/websockets/next/deployment/WebSocketProcessor.java,532,pmd:ExcessiveParameterList
extensions/websockets-next/runtime/io/quarkus/websockets/next/runtime/Endpoints.java,37,pmd:ExcessiveParameterList
extensions/websockets-next/runtime/io/quarkus/websockets/next/runtime/WebSocketClientConnectionImpl.java,25,pmd:ExcessiveParameterList
extensions/websockets-next/runtime/io/quarkus/websockets/next/runtime/WebSocketConnectionImpl.java,39,pmd:ExcessiveParameterList
extensions/websockets/client/runtime/io/quarkus/websockets/client/runtime/ServerWebSocketContainerFactory.java,18,pmd:ExcessiveParameterList
extensions/websockets/server/runtime/io/quarkus/websockets/runtime/WebsocketServerRecorder.java,52,pmd:ExcessiveParameterList
independent-projects/arc/processor/io/quarkus/arc/processor/Annotations.java,316,pmd:NcssCount
independent-projects/arc/processor/io/quarkus/arc/processor/BeanDeployment.java,145,pmd:NcssCount
independent-projects/arc/processor/io/quarkus/arc/processor/BeanDeployment.java,1081,pmd:NcssCount
independent-projects/arc/processor/io/quarkus/arc/processor/BeanGenerator.java,406,pmd:ExcessiveParameterList
independent-projects/arc/processor/io/quarkus/arc/processor/BeanGenerator.java,576,pmd:NcssCount
independent-projects/arc/processor/io/quarkus/arc/processor/BeanGenerator.java,576,pmd:ExcessiveParameterList
independent-projects/arc/processor/io/quarkus/arc/processor/BeanGenerator.java,936,pmd:NcssCount
independent-projects/arc/processor/io/quarkus/arc/processor/BeanGenerator.java,1049,pmd:ExcessiveParameterList
independent-projects/arc/processor/io/quarkus/arc/processor/BeanInfo.java,112,pmd:ExcessiveParameterList
independent-projects/arc/processor/io/quarkus/arc/processor/BeanInfo.java,121,pmd:ExcessiveParameterList
independent-projects/arc/processor/io/quarkus/arc/processor/BeanProcessor.java,200,pmd:NcssCount
independent-projects/arc/processor/io/quarkus/arc/processor/Beans.java,87,pmd:NcssCount
independent-projects/arc/processor/io/quarkus/arc/processor/Beans.java,233,pmd:NcssCount
independent-projects/arc/processor/io/quarkus/arc/processor/Beans.java,482,pmd:NcssCount
independent-projects/arc/processor/io/quarkus/arc/processor/Beans.java,846,pmd:NcssCount
independent-projects/arc/processor/io/quarkus/arc/processor/Decorators.java,37,pmd:NcssCount
independent-projects/arc/processor/io/quarkus/arc/processor/InterceptorInfo.java,303,pmd:NcssCount
independent-projects/arc/processor/io/quarkus/arc/processor/Methods.java,167,pmd:ExcessiveParameterList
independent-projects/arc/processor/io/quarkus/arc/processor/ObserverInfo.java,93,pmd:ExcessiveParameterList
independent-projects/arc/processor/io/quarkus/arc/processor/RuntimeTypeCreator.java,175,pmd:NcssCount
independent-projects/arc/processor/io/quarkus/arc/processor/SubclassGenerator.java,575,pmd:NcssCount
independent-projects/arc/processor/io/quarkus/arc/processor/SubclassGenerator.java,575,pmd:ExcessiveParameterList
independent-projects/arc/processor/io/quarkus/arc/processor/SyntheticComponentsUtil.java,37,pmd:NcssCount
independent-projects/arc/processor/io/quarkus/arc/processor/Types.java,124,pmd:NcssCount
independent-projects/arc/processor/io/quarkus/arc/processor/UnusedBeans.java,27,pmd:NcssCount
independent-projects/arc/processor/io/quarkus/arc/processor/bcextensions/AnnotationBuilderImpl.java,34,pmd:NcssCount
independent-projects/arc/processor/io/quarkus/arc/processor/bcextensions/ExtensionsEntryPoint.java,520,pmd:NcssCount
independent-projects/arc/runtime/io/quarkus/arc/impl/ArcContainerImpl.java,114,pmd:NcssCount
independent-projects/bootstrap/core/io/quarkus/bootstrap/jbang/JBangDevModeLauncherImpl.java,44,pmd:NcssCount
independent-projects/bootstrap/maven-resolver/io/quarkus/bootstrap/resolver/maven/BootstrapMavenContext.java,491,pmd:NcssCount
independent-projects/bootstrap/maven-resolver/io/quarkus/bootstrap/resolver/maven/DefaultEffectiveModelResolver.java,50,pmd:NcssCount
independent-projects/bootstrap/maven-resolver/io/quarkus/bootstrap/resolver/maven/options/BootstrapMavenOptionsParser.java,15,pmd:NcssCount
independent-projects/bootstrap/runner/io/quarkus/bootstrap/runner/SerializedApplication.java,132,pmd:NcssCount
independent-projects/extension-maven-plugin/io/quarkus/maven/ExtensionDescriptorMojo.java,273,pmd:NcssCount
independent-projects/extension-maven-plugin/io/quarkus/maven/ExtensionDescriptorMojo.java,865,pmd:NcssCount
independent-projects/qute/core/io/quarkus/qute/Expressions.java,71,pmd:NcssCount
independent-projects/qute/core/io/quarkus/qute/Parser.java,130,pmd:NcssCount
independent-projects/qute/core/io/quarkus/qute/Parser.java,820,pmd:NcssCount
independent-projects/qute/core/io/quarkus/qute/Template.java,108,pmd:ExcessiveParameterList
independent-projects/qute/generator/io/quarkus/qute/generator/ValueResolverGenerator.java,776,pmd:ExcessiveParameterList
independent-projects/resteasy-reactive/client/processor/org/jboss/resteasy/reactive/client/processor/scanning/ClientEndpointIndexer.java,158,pmd:ExcessiveParameterList
independent-projects/resteasy-reactive/client/runtime/org/jboss/resteasy/reactive/client/handlers/ClientSendRequestHandler.java,113,pmd:NcssCount
independent-projects/resteasy-reactive/client/runtime/org/jboss/resteasy/reactive/client/impl/ClientImpl.java,108,pmd:NcssCount
independent-projects/resteasy-reactive/client/runtime/org/jboss/resteasy/reactive/client/impl/ClientImpl.java,108,pmd:ExcessiveParameterList
independent-projects/resteasy-reactive/client/runtime/org/jboss/resteasy/reactive/client/impl/ClientReaderInterceptorContextImpl.java,55,pmd:ExcessiveParameterList
independent-projects/resteasy-reactive/client/runtime/org/jboss/resteasy/reactive/client/impl/ClientSerialisers.java,109,pmd:ExcessiveParameterList
independent-projects/resteasy-reactive/client/runtime/org/jboss/resteasy/reactive/client/impl/ClientSerialisers.java,136,pmd:ExcessiveParameterList
independent-projects/resteasy-reactive/client/runtime/org/jboss/resteasy/reactive/client/impl/ClientSerialisers.java,148,pmd:ExcessiveParameterList
independent-projects/resteasy-reactive/client/runtime/org/jboss/resteasy/reactive/client/impl/ClientWriterInterceptorContextImpl.java,45,pmd:ExcessiveParameterList
independent-projects/resteasy-reactive/client/runtime/org/jboss/resteasy/reactive/client/impl/RestClientRequestContext.java,117,pmd:ExcessiveParameterList
independent-projects/resteasy-reactive/client/runtime/org/jboss/resteasy/reactive/client/impl/multipart/PausableHttpPostRequestEncoder.java,508,pmd:NcssCount
independent-projects/resteasy-reactive/client/runtime/org/jboss/resteasy/reactive/client/impl/multipart/QuarkusMultipartResponseDecoder.java,707,pmd:NcssCount
independent-projects/resteasy-reactive/common/processor/org/jboss/resteasy/reactive/common/processor/EndpointIndexer.java,580,pmd:NcssCount
independent-projects/resteasy-reactive/common/processor/org/jboss/resteasy/reactive/common/processor/EndpointIndexer.java,994,pmd:ExcessiveParameterList
independent-projects/resteasy-reactive/common/processor/org/jboss/resteasy/reactive/common/processor/EndpointIndexer.java,1269,pmd:NcssCount
independent-projects/resteasy-reactive/common/processor/org/jboss/resteasy/reactive/common/processor/EndpointIndexer.java,1269,pmd:ExcessiveParameterList
independent-projects/resteasy-reactive/common/processor/org/jboss/resteasy/reactive/common/processor/scanning/ResourceScanningResult.java,25,pmd:ExcessiveParameterList
independent-projects/resteasy-reactive/common/processor/org/jboss/resteasy/reactive/common/processor/scanning/ResteasyReactiveScanner.java,232,pmd:NcssCount
independent-projects/resteasy-reactive/common/runtime/org/jboss/resteasy/reactive/common/core/AbstractResteasyReactiveContext.java,135,pmd:NcssCount
independent-projects/resteasy-reactive/common/runtime/org/jboss/resteasy/reactive/common/jaxrs/ConfigurationImpl.java,227,pmd:NcssCount
independent-projects/resteasy-reactive/common/runtime/org/jboss/resteasy/reactive/common/jaxrs/ConfigurationImpl.java,362,pmd:NcssCount
independent-projects/resteasy-reactive/common/runtime/org/jboss/resteasy/reactive/common/jaxrs/UriBuilderImpl.java,774,pmd:NcssCount
independent-projects/resteasy-reactive/common/runtime/org/jboss/resteasy/reactive/common/model/MethodParameter.java,33,pmd:ExcessiveParameterList
independent-projects/resteasy-reactive/common/runtime/org/jboss/resteasy/reactive/common/model/ResourceMethod.java,80,pmd:ExcessiveParameterList
independent-projects/resteasy-reactive/common/runtime/org/jboss/resteasy/reactive/common/util/URLUtils.java,93,pmd:NcssCount
independent-projects/resteasy-reactive/server/processor/org/jboss/resteasy/reactive/server/processor/ScannedApplication.java,34,pmd:ExcessiveParameterList
independent-projects/resteasy-reactive/server/processor/org/jboss/resteasy/reactive/server/processor/ServerEndpointIndexer.java,367,pmd:NcssCount
independent-projects/resteasy-reactive/server/processor/org/jboss/resteasy/reactive/server/processor/ServerEndpointIndexer.java,474,pmd:ExcessiveParameterList
independent-projects/resteasy-reactive/server/processor/org/jboss/resteasy/reactive/server/processor/generation/exceptionmappers/ServerExceptionMapperGenerator.java,460,pmd:ExcessiveParameterList
independent-projects/resteasy-reactive/server/processor/org/jboss/resteasy/reactive/server/processor/generation/exceptionmappers/ServerExceptionMapperGenerator.java,507,pmd:ExcessiveParameterList
independent-projects/resteasy-reactive/server/processor/org/jboss/resteasy/reactive/server/processor/generation/exceptionmappers/ServerExceptionMapperGenerator.java,540,pmd:NcssCount
independent-projects/resteasy-reactive/server/processor/org/jboss/resteasy/reactive/server/processor/generation/filters/FilterGeneration.java,25,pmd:NcssCount
independent-projects/resteasy-reactive/server/processor/org/jboss/resteasy/reactive/server/processor/generation/filters/FilterGeneration.java,144,pmd:ExcessiveParameterList
independent-projects/resteasy-reactive/server/processor/org/jboss/resteasy/reactive/server/processor/generation/multipart/FormDataOutputMapperGenerator.java,136,pmd:NcssCount
independent-projects/resteasy-reactive/server/processor/org/jboss/resteasy/reactive/server/processor/scanning/ClassInjectorTransformer.java,236,pmd:NcssCount
independent-projects/resteasy-reactive/server/processor/org/jboss/resteasy/reactive/server/processor/scanning/ClassInjectorTransformer.java,671,pmd:NcssCount
independent-projects/resteasy-reactive/server/processor/org/jboss/resteasy/reactive/server/processor/scanning/ClassInjectorTransformer.java,671,pmd:ExcessiveParameterList
independent-projects/resteasy-reactive/server/processor/org/jboss/resteasy/reactive/server/processor/scanning/ClassInjectorTransformer.java,793,pmd:NcssCount
independent-projects/resteasy-reactive/server/runtime/org/jboss/resteasy/reactive/server/core/Deployment.java,56,pmd:ExcessiveParameterList
independent-projects/resteasy-reactive/server/runtime/org/jboss/resteasy/reactive/server/core/multipart/FormEncodedDataDefinition.java,119,pmd:NcssCount
independent-projects/resteasy-reactive/server/runtime/org/jboss/resteasy/reactive/server/core/multipart/MultipartParser.java,253,pmd:NcssCount
independent-projects/resteasy-reactive/server/runtime/org/jboss/resteasy/reactive/server/core/startup/RuntimeDeploymentManager.java,82,pmd:NcssCount
independent-projects/resteasy-reactive/server/runtime/org/jboss/resteasy/reactive/server/core/startup/RuntimeResourceDeployment.java,144,pmd:NcssCount
independent-projects/resteasy-reactive/server/runtime/org/jboss/resteasy/reactive/server/core/startup/RuntimeResourceDeployment.java,640,pmd:NcssCount
independent-projects/resteasy-reactive/server/runtime/org/jboss/resteasy/reactive/server/handlers/ClassRoutingHandler.java,46,pmd:NcssCount
independent-projects/resteasy-reactive/server/runtime/org/jboss/resteasy/reactive/server/handlers/ResourceLocatorHandler.java,37,pmd:NcssCount
independent-projects/resteasy-reactive/server/runtime/org/jboss/resteasy/reactive/server/jaxrs/WriterInterceptorContextImpl.java,34,pmd:ExcessiveParameterList
independent-projects/resteasy-reactive/server/runtime/org/jboss/resteasy/reactive/server/mapping/RequestMapper.java,117,pmd:NcssCount
independent-projects/resteasy-reactive/server/runtime/org/jboss/resteasy/reactive/server/mapping/RuntimeResource.java,41,pmd:ExcessiveParameterList
independent-projects/resteasy-reactive/server/runtime/org/jboss/resteasy/reactive/server/mapping/URITemplate.java,33,pmd:NcssCount
independent-projects/resteasy-reactive/server/runtime/org/jboss/resteasy/reactive/server/model/ServerMethodParameter.java,18,pmd:ExcessiveParameterList
independent-projects/resteasy-reactive/server/runtime/org/jboss/resteasy/reactive/server/model/ServerResourceMethod.java,27,pmd:ExcessiveParameterList
independent-projects/tools/devtools-common/io/quarkus/devtools/commands/CreateExtension.java,254,pmd:NcssCount
independent-projects/tools/devtools-common/io/quarkus/devtools/commands/handlers/ListExtensionsCommandHandler.java,50,pmd:NcssCount
independent-projects/tools/devtools-common/io/quarkus/devtools/commands/handlers/UpdateProjectCommandHandler.java,54,pmd:NcssCount
independent-projects/tools/devtools-common/io/quarkus/devtools/commands/handlers/UpdateProjectCommandHandler.java,247,pmd:NcssCount
independent-projects/tools/devtools-common/io/quarkus/devtools/project/update/ProjectUpdateInfos.java,91,pmd:NcssCount
independent-projects/tools/devtools-common/io/quarkus/platform/tools/ToolsUtils.java,121,pmd:NcssCount
independent-projects/tools/registry-client/io/quarkus/registry/ExtensionCatalogResolver.java,654,pmd:NcssCount
