core/builder/io/quarkus/builder/BuildChainBuilder.java,415,sonar:S107
core/builder/io/quarkus/builder/BuildMetrics.java,112,sonar:S138
core/deployment/io/quarkus/deployment/BooleanSupplierFactoryBuildItem.java,34,sonar:S138
core/deployment/io/quarkus/deployment/CodeGenerator.java,65,sonar:S107
core/deployment/io/quarkus/deployment/ExtensionLoader.java,139,sonar:S138
core/deployment/io/quarkus/deployment/ExtensionLoader.java,273,sonar:S138
core/deployment/io/quarkus/deployment/QuarkusAugmentor.java,97,sonar:S138
core/deployment/io/quarkus/deployment/builditem/DevServicesResultBuildItem.java,87,sonar:S107
core/deployment/io/quarkus/deployment/builditem/DevServicesResultBuildItem.java,145,sonar:S107
core/deployment/io/quarkus/deployment/builditem/InitTaskBuildItem.java,35,sonar:S107
core/deployment/io/quarkus/deployment/builditem/nativeimage/ReflectiveClassBuildItem.java,55,sonar:S107
core/deployment/io/quarkus/deployment/builditem/nativeimage/ReflectiveClassBuildItem.java,127,sonar:S107
core/deployment/io/quarkus/deployment/builditem/nativeimage/ReflectiveClassBuildItem.java,134,sonar:S107
core/deployment/io/quarkus/deployment/builditem/nativeimage/ReflectiveClassBuildItem.java,142,sonar:S107
core/deployment/io/quarkus/deployment/builditem/nativeimage/ReflectiveHierarchyBuildItem.java,119,sonar:S107
core/deployment/io/quarkus/deployment/configuration/BuildTimeConfigurationReader.java,224,sonar:S138
core/deployment/io/quarkus/deployment/configuration/ConfigMappingUtils.java,50,sonar:S107
core/deployment/io/quarkus/deployment/configuration/ConfigMappingUtils.java,86,sonar:S107
core/deployment/io/quarkus/deployment/configuration/ConfigMappingUtils.java,100,sonar:S107
core/deployment/io/quarkus/deployment/configuration/ConfigMappingUtils.java,114,sonar:S107
core/deployment/io/quarkus/deployment/console/AeshConsole.java,204,sonar:S138
core/deployment/io/quarkus/deployment/console/AeshConsole.java,389,sonar:S138
core/deployment/io/quarkus/deployment/dev/ClassComparisonUtil.java,27,sonar:S138
core/deployment/io/quarkus/deployment/dev/CompilationProvider.java,73,sonar:S107
core/deployment/io/quarkus/deployment/dev/DevModeCommandLineBuilder.java,510,sonar:S138
core/deployment/io/quarkus/deployment/dev/RuntimeUpdatesProcessor.java,146,sonar:S107
core/deployment/io/quarkus/deployment/dev/RuntimeUpdatesProcessor.java,230,sonar:S138
core/deployment/io/quarkus/deployment/dev/RuntimeUpdatesProcessor.java,462,sonar:S138
core/deployment/io/quarkus/deployment/dev/RuntimeUpdatesProcessor.java,752,sonar:S138
core/deployment/io/quarkus/deployment/dev/RuntimeUpdatesProcessor.java,1065,sonar:S138
core/deployment/io/quarkus/deployment/dev/RuntimeUpdatesProcessor.java,1294,sonar:S138
core/deployment/io/quarkus/deployment/dev/filesystem/watch/WatchServiceFileSystemWatcher.java,67,sonar:S138
core/deployment/io/quarkus/deployment/dev/testing/JunitTestRunner.java,155,sonar:S138
core/deployment/io/quarkus/deployment/dev/testing/JunitTestRunner.java,224,sonar:S138
core/deployment/io/quarkus/deployment/dev/testing/JunitTestRunner.java,313,sonar:S138
core/deployment/io/quarkus/deployment/dev/testing/JunitTestRunner.java,571,sonar:S138
core/deployment/io/quarkus/deployment/dev/testing/TestConsoleHandler.java,147,sonar:S138
core/deployment/io/quarkus/deployment/dev/testing/TestConsoleHandler.java,171,sonar:S138
core/deployment/io/quarkus/deployment/dev/testing/TestResult.java,26,sonar:S107
core/deployment/io/quarkus/deployment/dev/testing/TestSupport.java,157,sonar:S138
core/deployment/io/quarkus/deployment/index/ApplicationArchiveBuildStep.java,103,sonar:S107
core/deployment/io/quarkus/deployment/index/ApplicationArchiveBuildStep.java,149,sonar:S107
core/deployment/io/quarkus/deployment/index/ApplicationArchiveBuildStep.java,184,sonar:S107
core/deployment/io/quarkus/deployment/jbang/JBangAugmentorImpl.java,41,sonar:S138
core/deployment/io/quarkus/deployment/logging/LoggingResourceProcessor.java,250,sonar:S107
core/deployment/io/quarkus/deployment/logging/LoggingResourceProcessor.java,399,sonar:S138
core/deployment/io/quarkus/deployment/logging/LoggingResourceProcessor.java,399,sonar:S107
core/deployment/io/quarkus/deployment/logging/LoggingWithPanacheProcessor.java,96,sonar:S138
core/deployment/io/quarkus/deployment/mutability/DevModeTask.java,101,sonar:S138
core/deployment/io/quarkus/deployment/pkg/jar/AbstractFastJarBuilder.java,70,sonar:S107
core/deployment/io/quarkus/deployment/pkg/jar/AbstractFastJarBuilder.java,90,sonar:S138
core/deployment/io/quarkus/deployment/pkg/jar/AbstractFastJarBuilder.java,387,sonar:S107
core/deployment/io/quarkus/deployment/pkg/jar/AbstractJarBuilder.java,59,sonar:S107
core/deployment/io/quarkus/deployment/pkg/jar/AbstractLegacyThinJarBuilder.java,85,sonar:S107
core/deployment/io/quarkus/deployment/pkg/jar/NativeImageSourceJarBuilder.java,39,sonar:S107
core/deployment/io/quarkus/deployment/pkg/jar/UberJarBuilder.java,65,sonar:S107
core/deployment/io/quarkus/deployment/pkg/steps/JarResultBuildStep.java,93,sonar:S107
core/deployment/io/quarkus/deployment/pkg/steps/JarResultBuildStep.java,181,sonar:S107
core/deployment/io/quarkus/deployment/pkg/steps/JvmStartupOptimizerArchiveBuildStep.java,139,sonar:S107
core/deployment/io/quarkus/deployment/pkg/steps/NativeImageBuildStep.java,114,sonar:S107
core/deployment/io/quarkus/deployment/pkg/steps/NativeImageBuildStep.java,199,sonar:S138
core/deployment/io/quarkus/deployment/pkg/steps/NativeImageBuildStep.java,199,sonar:S107
core/deployment/io/quarkus/deployment/pkg/steps/NativeImageBuildStep.java,732,sonar:S138
core/deployment/io/quarkus/deployment/recording/BytecodeRecorderImpl.java,436,sonar:S138
core/deployment/io/quarkus/deployment/recording/BytecodeRecorderImpl.java,607,sonar:S138
core/deployment/io/quarkus/deployment/recording/BytecodeRecorderImpl.java,998,sonar:S138
core/deployment/io/quarkus/deployment/recording/BytecodeRecorderImpl.java,1130,sonar:S138
core/deployment/io/quarkus/deployment/steps/ClassTransformingBuildStep.java,83,sonar:S138
core/deployment/io/quarkus/deployment/steps/ClassTransformingBuildStep.java,83,sonar:S107
core/deployment/io/quarkus/deployment/steps/ConfigGenerationBuildStep.java,199,sonar:S107
core/deployment/io/quarkus/deployment/steps/ConfigGenerationBuildStep.java,236,sonar:S138
core/deployment/io/quarkus/deployment/steps/ConfigGenerationBuildStep.java,236,sonar:S107
core/deployment/io/quarkus/deployment/steps/ConfigGenerationBuildStep.java,748,sonar:S138
core/deployment/io/quarkus/deployment/steps/ConfigGenerationBuildStep.java,748,sonar:S107
core/deployment/io/quarkus/deployment/steps/MainClassBuildStep.java,133,sonar:S107
core/deployment/io/quarkus/deployment/steps/MainClassBuildStep.java,133,sonar:S138
core/deployment/io/quarkus/deployment/steps/MainClassBuildStep.java,405,sonar:S138
core/deployment/io/quarkus/deployment/steps/MainClassBuildStep.java,528,sonar:S107
core/deployment/io/quarkus/deployment/steps/MainClassBuildStep.java,601,sonar:S138
core/deployment/io/quarkus/deployment/steps/NativeImageConfigBuildStep.java,33,sonar:S107
core/deployment/io/quarkus/deployment/steps/NativeImageFeatureStep.java,71,sonar:S138
core/deployment/io/quarkus/deployment/steps/NativeImageReflectConfigStep.java,30,sonar:S138
core/deployment/io/quarkus/deployment/steps/NativeImageReflectConfigStep.java,30,sonar:S107
core/deployment/io/quarkus/deployment/steps/ReflectiveHierarchyStep.java,123,sonar:S107
core/deployment/io/quarkus/deployment/steps/ReflectiveHierarchyStep.java,156,sonar:S107
core/deployment/io/quarkus/deployment/steps/ReflectiveHierarchyStep.java,204,sonar:S138
core/deployment/io/quarkus/deployment/steps/ReflectiveHierarchyStep.java,204,sonar:S107
core/deployment/io/quarkus/deployment/steps/RegisterForReflectionBuildStep.java,86,sonar:S107
core/deployment/io/quarkus/deployment/steps/RegisterForReflectionBuildStep.java,120,sonar:S107
core/deployment/io/quarkus/deployment/util/CommandLineUtil.java,24,sonar:S138
core/launcher/io/quarkus/launcher/JBangIntegration.java,23,sonar:S138
core/processor/io/quarkus/annotation/processor/documentation/config/discovery/DiscoveryConfigProperty.java,26,sonar:S107
core/processor/io/quarkus/annotation/processor/documentation/config/discovery/DiscoveryConfigRoot.java,18,sonar:S107
core/processor/io/quarkus/annotation/processor/documentation/config/formatter/JavadocToAsciidocTransformer.java,158,sonar:S138
core/processor/io/quarkus/annotation/processor/documentation/config/model/ConfigProperty.java,34,sonar:S107
core/processor/io/quarkus/annotation/processor/documentation/config/model/ConfigSection.java,14,sonar:S107
core/processor/io/quarkus/annotation/processor/documentation/config/resolver/ConfigResolver.java,92,sonar:S138
core/processor/io/quarkus/annotation/processor/documentation/config/resolver/ConfigResolver.java,269,sonar:S107
core/processor/io/quarkus/annotation/processor/documentation/config/scanner/ConfigAnnotationScanner.java,165,sonar:S138
core/processor/io/quarkus/annotation/processor/util/AccessorGenerator.java,51,sonar:S138
core/processor/io/quarkus/annotation/processor/util/ExtensionUtil.java,70,sonar:S138
core/runtime/io/quarkus/runtime/ApplicationLifecycleManager.java,104,sonar:S138
core/runtime/io/quarkus/runtime/ExecutorRecorder.java,75,sonar:S138
core/runtime/io/quarkus/runtime/TemplateHtmlBuilder.java,308,sonar:S107
core/runtime/io/quarkus/runtime/configuration/QuarkusConfigBuilderCustomizer.java,32,sonar:S138
core/runtime/io/quarkus/runtime/configuration/Substitutions.java,135,sonar:S138
core/runtime/io/quarkus/runtime/configuration/Substitutions.java,468,sonar:S138
core/runtime/io/quarkus/runtime/logging/LoggingSetupRecorder.java,133,sonar:S107
core/runtime/io/quarkus/runtime/logging/LoggingSetupRecorder.java,133,sonar:S138
core/runtime/io/quarkus/runtime/logging/LoggingSetupRecorder.java,407,sonar:S107
core/runtime/io/quarkus/runtime/logging/LoggingSetupRecorder.java,580,sonar:S107
devtools/gradle/gradle-application-plugin/io/quarkus/gradle/QuarkusPlugin.java,161,sonar:S138
devtools/gradle/gradle-application-plugin/io/quarkus/gradle/tasks/Deploy.java,96,sonar:S138
devtools/gradle/gradle-application-plugin/io/quarkus/gradle/tasks/EffectiveConfigProvider.java,33,sonar:S107
devtools/gradle/gradle-application-plugin/io/quarkus/gradle/tasks/QuarkusApplicationModelTask.java,250,sonar:S138
devtools/gradle/gradle-application-plugin/io/quarkus/gradle/tasks/QuarkusApplicationModelTask.java,250,sonar:S107
devtools/gradle/gradle-application-plugin/io/quarkus/gradle/tasks/QuarkusBuildDependencies.java,127,sonar:S138
devtools/gradle/gradle-application-plugin/io/quarkus/gradle/tasks/QuarkusBuildTask.java,233,sonar:S138
devtools/gradle/gradle-application-plugin/io/quarkus/gradle/tasks/QuarkusDev.java,424,sonar:S138
devtools/gradle/gradle-application-plugin/io/quarkus/gradle/tasks/QuarkusDev.java,667,sonar:S138
devtools/gradle/gradle-application-plugin/io/quarkus/gradle/tasks/QuarkusRun.java,103,sonar:S138
devtools/gradle/gradle-extension-plugin/io/quarkus/extension/gradle/tasks/ExtensionDescriptorTask.java,104,sonar:S138
devtools/gradle/gradle-model/io/quarkus/gradle/tooling/GradleApplicationModelBuilder.java,417,sonar:S138
devtools/maven/io/quarkus/maven/CreateProjectMojo.java,207,sonar:S138
devtools/maven/io/quarkus/maven/DevMojo.java,496,sonar:S138
devtools/maven/io/quarkus/maven/DevMojo.java,690,sonar:S138
devtools/maven/io/quarkus/maven/DevMojo.java,1169,sonar:S138
devtools/maven/io/quarkus/maven/DevMojo.java,1394,sonar:S138
devtools/maven/io/quarkus/maven/MojoLogger.java,21,sonar:S138
devtools/maven/io/quarkus/maven/RunMojo.java,64,sonar:S138
extensions/agroal/deployment/io/quarkus/agroal/deployment/AgroalProcessor.java,85,sonar:S107
extensions/agroal/deployment/io/quarkus/agroal/deployment/AgroalProcessor.java,254,sonar:S107
extensions/agroal/runtime/io/quarkus/agroal/runtime/DataSources.java,241,sonar:S138
extensions/agroal/runtime/io/quarkus/agroal/runtime/DataSources.java,241,sonar:S107
extensions/agroal/runtime/io/quarkus/agroal/runtime/metrics/AgroalMetricsRecorder.java,34,sonar:S138
extensions/agroal/runtime/io/quarkus/agroal/runtime/metrics/AgroalMetricsRecorder.java,37,sonar:S138
extensions/amazon-lambda-rest/rest-event-server/io/quarkus/amazon/lambda/runtime/MockRestEventServer.java,48,sonar:S138
extensions/amazon-lambda/common-runtime/io/quarkus/amazon/lambda/runtime/AbstractLambdaPollLoop.java,54,sonar:S138
extensions/amazon-lambda/common-runtime/io/quarkus/amazon/lambda/runtime/AbstractLambdaPollLoop.java,62,sonar:S138
extensions/amazon-lambda/deployment/io/quarkus/amazon/lambda/deployment/AmazonLambdaProcessor.java,184,sonar:S107
extensions/amazon-lambda/deployment/io/quarkus/amazon/lambda/deployment/AmazonLambdaProcessor.java,244,sonar:S107
extensions/arc/deployment/io/quarkus/arc/deployment/ArcProcessor.java,156,sonar:S138
extensions/arc/deployment/io/quarkus/arc/deployment/ArcProcessor.java,156,sonar:S107
extensions/arc/deployment/io/quarkus/arc/deployment/ArcProcessor.java,501,sonar:S107
extensions/arc/deployment/io/quarkus/arc/deployment/ArcProcessor.java,501,sonar:S138
extensions/arc/deployment/io/quarkus/arc/deployment/BeanArchiveProcessor.java,52,sonar:S107
extensions/arc/deployment/io/quarkus/arc/deployment/ConfigBuildStep.java,266,sonar:S107
extensions/arc/deployment/io/quarkus/arc/deployment/SplitPackageProcessor.java,54,sonar:S138
extensions/arc/deployment/io/quarkus/arc/deployment/WrongAnnotationUsageProcessor.java,30,sonar:S138
extensions/arc/deployment/io/quarkus/arc/deployment/devui/ArcDevModeApiProcessor.java,48,sonar:S138
extensions/arc/deployment/io/quarkus/arc/deployment/devui/ArcDevModeApiProcessor.java,168,sonar:S107
extensions/arc/deployment/io/quarkus/arc/deployment/devui/DevBeanInfo.java,89,sonar:S107
extensions/arc/deployment/io/quarkus/arc/deployment/devui/DevObserverInfo.java,43,sonar:S107
extensions/arc/deployment/io/quarkus/arc/deployment/staticmethods/InterceptedStaticMethodsProcessor.java,179,sonar:S107
extensions/arc/deployment/io/quarkus/arc/deployment/staticmethods/InterceptedStaticMethodsProcessor.java,278,sonar:S138
extensions/awt/deployment/io/quarkus/awt/deployment/AwtProcessor.java,189,sonar:S138
extensions/cache/deployment/io/quarkus/cache/deployment/CachedResultsProcessor.java,80,sonar:S138
extensions/cache/runtime/io/quarkus/cache/runtime/CacheResultInterceptor.java,29,sonar:S138
extensions/container-image/container-image-buildpack/deployment/io/quarkus/container/image/buildpack/deployment/BuildpackProcessor.java,72,sonar:S107
extensions/container-image/container-image-buildpack/deployment/io/quarkus/container/image/buildpack/deployment/BuildpackProcessor.java,107,sonar:S107
extensions/container-image/container-image-buildpack/deployment/io/quarkus/container/image/buildpack/deployment/BuildpackProcessor.java,164,sonar:S138
extensions/container-image/container-image-docker-common/deployment/io/quarkus/container/image/docker/common/deployment/CommonProcessor.java,52,sonar:S107
extensions/container-image/container-image-docker-common/deployment/io/quarkus/container/image/docker/common/deployment/CommonProcessor.java,56,sonar:S107
extensions/container-image/container-image-docker-common/deployment/io/quarkus/container/image/docker/common/deployment/CommonProcessor.java,195,sonar:S107
extensions/container-image/container-image-docker/deployment/io/quarkus/container/image/docker/deployment/DockerProcessor.java,54,sonar:S107
extensions/container-image/container-image-docker/deployment/io/quarkus/container/image/docker/deployment/DockerProcessor.java,75,sonar:S107
extensions/container-image/container-image-jib/deployment/io/quarkus/container/image/jib/deployment/JibProcessor.java,157,sonar:S107
extensions/container-image/container-image-jib/deployment/io/quarkus/container/image/jib/deployment/JibProcessor.java,208,sonar:S107
extensions/container-image/container-image-jib/deployment/io/quarkus/container/image/jib/deployment/JibProcessor.java,441,sonar:S138
extensions/container-image/container-image-jib/deployment/io/quarkus/container/image/jib/deployment/JibProcessor.java,441,sonar:S107
extensions/container-image/container-image-openshift/deployment/io/quarkus/container/image/openshift/deployment/OpenshiftProcessor.java,123,sonar:S107
extensions/container-image/container-image-openshift/deployment/io/quarkus/container/image/openshift/deployment/OpenshiftProcessor.java,164,sonar:S107
extensions/container-image/container-image-openshift/deployment/io/quarkus/container/image/openshift/deployment/OpenshiftProcessor.java,240,sonar:S107
extensions/container-image/container-image-openshift/deployment/io/quarkus/container/image/openshift/deployment/OpenshiftProcessor.java,312,sonar:S107
extensions/container-image/container-image-podman/deployment/io/quarkus/container/image/podman/deployment/PodmanProcessor.java,53,sonar:S107
extensions/container-image/container-image-podman/deployment/io/quarkus/container/image/podman/deployment/PodmanProcessor.java,72,sonar:S107
extensions/datasource/deployment-spi/io/quarkus/datasource/deployment/spi/DevServicesDatasourceContainerConfig.java,25,sonar:S107
extensions/datasource/deployment/io/quarkus/datasource/deployment/devservices/DevServicesDatasourceProcessor.java,52,sonar:S107
extensions/datasource/deployment/io/quarkus/datasource/deployment/devservices/DevServicesDatasourceProcessor.java,142,sonar:S107
extensions/datasource/deployment/io/quarkus/datasource/deployment/devservices/DevServicesDatasourceProcessor.java,330,sonar:S107
extensions/devservices/deployment/io/quarkus/devservices/deployment/compose/ComposeDevServicesProcessor.java,92,sonar:S107
extensions/devservices/deployment/io/quarkus/devservices/deployment/compose/ComposeDevServicesProcessor.java,176,sonar:S138
extensions/devservices/deployment/io/quarkus/devservices/deployment/compose/ComposeProject.java,72,sonar:S107
extensions/devservices/h2/io/quarkus/devservices/h2/deployment/H2DevServicesProcessor.java,34,sonar:S138
extensions/devservices/h2/io/quarkus/devservices/h2/deployment/H2DevServicesProcessor.java,42,sonar:S138
extensions/devservices/keycloak/io/quarkus/devservices/keycloak/KeycloakDevServicesProcessor.java,133,sonar:S107
extensions/devservices/keycloak/io/quarkus/devservices/keycloak/KeycloakDevServicesProcessor.java,789,sonar:S107
extensions/devui/deployment-spi/io/quarkus/devui/spi/buildtime/jsonrpc/RuntimeJsonRpcMethod.java,21,sonar:S107
extensions/devui/deployment-spi/io/quarkus/devui/spi/page/Page.java,38,sonar:S107
extensions/devui/deployment-spi/io/quarkus/devui/spi/workspace/Action.java,28,sonar:S107
extensions/devui/deployment/io/quarkus/devui/deployment/BuildTimeContentProcessor.java,540,sonar:S107
extensions/devui/deployment/io/quarkus/devui/deployment/BuildTimeContentProcessor.java,880,sonar:S138
extensions/devui/deployment/io/quarkus/devui/deployment/BuildTimeContentProcessor.java,1013,sonar:S138
extensions/devui/deployment/io/quarkus/devui/deployment/BuildTimeContentProcessor.java,1146,sonar:S138
extensions/devui/deployment/io/quarkus/devui/deployment/DevUIProcessor.java,171,sonar:S138
extensions/devui/deployment/io/quarkus/devui/deployment/DevUIProcessor.java,171,sonar:S107
extensions/devui/deployment/io/quarkus/devui/deployment/DevUIProcessor.java,467,sonar:S138
extensions/devui/deployment/io/quarkus/devui/deployment/DevUIProcessor.java,741,sonar:S107
extensions/devui/deployment/io/quarkus/devui/deployment/DevUIProcessor.java,741,sonar:S138
extensions/devui/deployment/io/quarkus/devui/deployment/logstream/LogStreamProcessor.java,51,sonar:S138
extensions/devui/deployment/io/quarkus/devui/deployment/menu/WorkspaceProcessor.java,164,sonar:S138
extensions/devui/deployment/io/quarkus/vertx/http/deployment/devmode/NotFoundProcessor.java,44,sonar:S107
extensions/devui/runtime/io/quarkus/devui/runtime/build/BuildMetricsDevUIController.java,65,sonar:S138
extensions/devui/runtime/io/quarkus/devui/runtime/config/ConfigDevUIRecorder.java,43,sonar:S138
extensions/elasticsearch-rest-client-common/deployment/io/quarkus/elasticsearch/restclient/common/deployment/DevServicesElasticsearchProcessor.java,75,sonar:S107
extensions/flyway/deployment/io/quarkus/flyway/deployment/FlywayProcessor.java,114,sonar:S107
extensions/flyway/runtime/io/quarkus/flyway/runtime/FlywayContainer.java,21,sonar:S107
extensions/flyway/runtime/io/quarkus/flyway/runtime/FlywayCreator.java,52,sonar:S138
extensions/funqy/funqy-http/deployment/io/quarkus/funqy/deployment/bindings/http/FunqyHttpBuildStep.java,66,sonar:S107
extensions/funqy/funqy-knative-events/deployment/io/quarkus/funqy/deployment/bindings/knative/events/FunqyKnativeEventsBuildStep.java,66,sonar:S107
extensions/funqy/funqy-knative-events/runtime/io/quarkus/funqy/knative/events/CloudEventBuilder.java,119,sonar:S107
extensions/funqy/funqy-knative-events/runtime/io/quarkus/funqy/runtime/bindings/knative/events/KnativeEventsBindingRecorder.java,76,sonar:S138
extensions/funqy/funqy-knative-events/runtime/io/quarkus/funqy/runtime/bindings/knative/events/VertxRequestHandler.java,126,sonar:S138
extensions/funqy/funqy-server-common/deployment/io/quarkus/funqy/deployment/FunctionScannerBuildStep.java,49,sonar:S138
extensions/grpc/codegen/io/quarkus/grpc/codegen/GrpcCodeGen.java,107,sonar:S138
extensions/grpc/deployment/io/quarkus/grpc/deployment/GrpcClientProcessor.java,123,sonar:S138
extensions/grpc/deployment/io/quarkus/grpc/deployment/GrpcServerProcessor.java,123,sonar:S138
extensions/grpc/deployment/io/quarkus/grpc/deployment/GrpcServerProcessor.java,698,sonar:S107
extensions/grpc/runtime/io/quarkus/grpc/auth/GrpcSecurityInterceptor.java,109,sonar:S138
extensions/grpc/runtime/io/quarkus/grpc/runtime/GrpcServerRecorder.java,135,sonar:S107
extensions/grpc/runtime/io/quarkus/grpc/runtime/GrpcServerRecorder.java,186,sonar:S107
extensions/grpc/runtime/io/quarkus/grpc/runtime/GrpcServerRecorder.java,186,sonar:S138
extensions/grpc/runtime/io/quarkus/grpc/runtime/GrpcServerRecorder.java,391,sonar:S107
extensions/grpc/runtime/io/quarkus/grpc/runtime/GrpcServerRecorder.java,698,sonar:S107
extensions/grpc/runtime/io/quarkus/grpc/runtime/GrpcSslUtils.java,33,sonar:S138
extensions/grpc/runtime/io/quarkus/grpc/runtime/stork/GrpcStorkServiceDiscovery.java,53,sonar:S138
extensions/grpc/runtime/io/quarkus/grpc/runtime/supports/Channels.java,95,sonar:S138
extensions/grpc/runtime/io/quarkus/grpc/runtime/supports/context/GrpcRequestContextGrpcInterceptor.java,33,sonar:S138
extensions/hibernate-orm/deployment/io/quarkus/hibernate/orm/deployment/HibernateOrmProcessor.java,360,sonar:S107
extensions/hibernate-orm/deployment/io/quarkus/hibernate/orm/deployment/HibernateOrmProcessor.java,505,sonar:S107
extensions/hibernate-orm/deployment/io/quarkus/hibernate/orm/deployment/HibernateOrmProcessor.java,590,sonar:S107
extensions/hibernate-orm/deployment/io/quarkus/hibernate/orm/deployment/HibernateOrmProcessor.java,947,sonar:S138
extensions/hibernate-orm/deployment/io/quarkus/hibernate/orm/deployment/HibernateOrmProcessor.java,947,sonar:S107
extensions/hibernate-orm/deployment/io/quarkus/hibernate/orm/deployment/HibernateOrmProcessor.java,1057,sonar:S107
extensions/hibernate-orm/deployment/io/quarkus/hibernate/orm/deployment/HibernateOrmProcessor.java,1165,sonar:S107
extensions/hibernate-orm/deployment/io/quarkus/hibernate/orm/deployment/HibernateOrmProcessor.java,1262,sonar:S138
extensions/hibernate-orm/deployment/io/quarkus/hibernate/orm/deployment/PersistenceUnitDescriptorBuildItem.java,33,sonar:S107
extensions/hibernate-orm/deployment/io/quarkus/hibernate/orm/deployment/util/HibernateProcessorUtil.java,94,sonar:S107
extensions/hibernate-orm/deployment/io/quarkus/hibernate/orm/deployment/util/HibernateProcessorUtil.java,511,sonar:S107
extensions/hibernate-orm/runtime-dev/io/quarkus/hibernate/orm/dev/HibernateOrmDevInfo.java,60,sonar:S107
extensions/hibernate-orm/runtime/io/quarkus/hibernate/orm/runtime/FastBootHibernatePersistenceProvider.java,234,sonar:S138
extensions/hibernate-orm/runtime/io/quarkus/hibernate/orm/runtime/boot/FastBootMetadataBuilder.java,242,sonar:S138
extensions/hibernate-orm/runtime/io/quarkus/hibernate/orm/runtime/boot/QuarkusPersistenceUnitDefinition.java,29,sonar:S107
extensions/hibernate-orm/runtime/io/quarkus/hibernate/orm/runtime/metrics/HibernateMetricsRecorder.java,50,sonar:S138
extensions/hibernate-orm/runtime/io/quarkus/hibernate/orm/runtime/recording/RecordedConfig.java,31,sonar:S107
extensions/hibernate-orm/runtime/io/quarkus/hibernate/orm/runtime/recording/RecordedState.java,28,sonar:S107
extensions/hibernate-reactive/deployment/io/quarkus/hibernate/reactive/deployment/HibernateReactiveProcessor.java,111,sonar:S107
extensions/hibernate-reactive/deployment/io/quarkus/hibernate/reactive/deployment/HibernateReactiveProcessor.java,181,sonar:S107
extensions/hibernate-reactive/deployment/io/quarkus/hibernate/reactive/deployment/HibernateReactiveProcessor.java,328,sonar:S107
extensions/hibernate-reactive/runtime/io/quarkus/hibernate/reactive/runtime/FastBootHibernateReactivePersistenceProvider.java,135,sonar:S138
extensions/hibernate-search-backend-elasticsearch-common/deployment/io/quarkus/hibernate/search/backend/elasticsearch/common/deployment/HibernateSearchBackendElasticsearchProcessor.java,128,sonar:S107
extensions/hibernate-search-orm-elasticsearch/deployment/io/quarkus/hibernate/search/orm/elasticsearch/deployment/HibernateSearchElasticsearchProcessor.java,121,sonar:S107
extensions/hibernate-validator/deployment/io/quarkus/hibernate/validator/deployment/HibernateValidatorProcessor.java,248,sonar:S138
extensions/hibernate-validator/deployment/io/quarkus/hibernate/validator/deployment/HibernateValidatorProcessor.java,248,sonar:S107
extensions/hibernate-validator/deployment/io/quarkus/hibernate/validator/deployment/HibernateValidatorProcessor.java,402,sonar:S107
extensions/hibernate-validator/deployment/io/quarkus/hibernate/validator/deployment/HibernateValidatorProcessor.java,462,sonar:S107
extensions/hibernate-validator/deployment/io/quarkus/hibernate/validator/deployment/HibernateValidatorProcessor.java,462,sonar:S138
extensions/hibernate-validator/runtime/io/quarkus/hibernate/validator/runtime/HibernateValidatorRecorder.java,86,sonar:S138
extensions/hibernate-validator/runtime/io/quarkus/hibernate/validator/runtime/HibernateValidatorRecorder.java,95,sonar:S138
extensions/infinispan-client/deployment/io/quarkus/infinispan/client/deployment/InfinispanClientProcessor.java,173,sonar:S138
extensions/infinispan-client/deployment/io/quarkus/infinispan/client/deployment/InfinispanClientProcessor.java,173,sonar:S107
extensions/infinispan-client/runtime/io/quarkus/infinispan/client/runtime/InfinispanClientProducer.java,139,sonar:S138
extensions/infinispan-client/runtime/io/quarkus/infinispan/client/runtime/cache/CacheResultInterceptor.java,34,sonar:S138
extensions/jackson/deployment/io/quarkus/jackson/deployment/JacksonProcessor.java,136,sonar:S138
extensions/jaxb/deployment/io/quarkus/jaxb/deployment/JaxbProcessor.java,193,sonar:S138
extensions/jaxb/deployment/io/quarkus/jaxb/deployment/JaxbProcessor.java,193,sonar:S107
extensions/kafka-client/deployment/io/quarkus/kafka/client/deployment/KafkaProcessor.java,236,sonar:S107
extensions/keycloak-authorization/runtime/io/quarkus/keycloak/pep/runtime/HttpClientBuilder.java,267,sonar:S138
extensions/kubernetes-client/deployment/io/quarkus/kubernetes/client/deployment/DevServicesKubernetesProcessor.java,100,sonar:S107
extensions/kubernetes-client/deployment/io/quarkus/kubernetes/client/deployment/DevServicesKubernetesProcessor.java,274,sonar:S107
extensions/kubernetes-client/deployment/io/quarkus/kubernetes/client/deployment/KubernetesClientProcessor.java,101,sonar:S138
extensions/kubernetes-client/deployment/io/quarkus/kubernetes/client/deployment/KubernetesClientProcessor.java,101,sonar:S107
extensions/kubernetes/kind/deployment/io/quarkus/kind/deployment/KindProcessor.java,110,sonar:S107
extensions/kubernetes/minikube/deployment/io/quarkus/minikube/deployment/MinikubeProcessor.java,106,sonar:S107
extensions/kubernetes/spi/io/quarkus/kubernetes/spi/KubernetesEnvBuildItem.java,130,sonar:S107
extensions/kubernetes/spi/io/quarkus/kubernetes/spi/KubernetesInitContainerBuildItem.java,40,sonar:S107
extensions/kubernetes/spi/io/quarkus/kubernetes/spi/KubernetesInitContainerBuildItem.java,47,sonar:S107
extensions/kubernetes/spi/io/quarkus/kubernetes/spi/KubernetesJobBuildItem.java,32,sonar:S107
extensions/kubernetes/vanilla/deployment/io/quarkus/kubernetes/deployment/BaseKubeProcessor.java,201,sonar:S107
extensions/kubernetes/vanilla/deployment/io/quarkus/kubernetes/deployment/BaseKubeProcessor.java,274,sonar:S107
extensions/kubernetes/vanilla/deployment/io/quarkus/kubernetes/deployment/BaseKubeProcessor.java,327,sonar:S138
extensions/kubernetes/vanilla/deployment/io/quarkus/kubernetes/deployment/BaseKubeProcessor.java,327,sonar:S107
extensions/kubernetes/vanilla/deployment/io/quarkus/kubernetes/deployment/BaseKubeProcessor.java,839,sonar:S107
extensions/kubernetes/vanilla/deployment/io/quarkus/kubernetes/deployment/BaseKubeProcessor.java,964,sonar:S138
extensions/kubernetes/vanilla/deployment/io/quarkus/kubernetes/deployment/BaseVanillaKubernetesProcessor.java,63,sonar:S107
extensions/kubernetes/vanilla/deployment/io/quarkus/kubernetes/deployment/InitTaskProcessor.java,27,sonar:S107
extensions/kubernetes/vanilla/deployment/io/quarkus/kubernetes/deployment/KnativeProcessor.java,170,sonar:S138
extensions/kubernetes/vanilla/deployment/io/quarkus/kubernetes/deployment/KnativeProcessor.java,170,sonar:S107
extensions/kubernetes/vanilla/deployment/io/quarkus/kubernetes/deployment/KubernetesDeployer.java,115,sonar:S107
extensions/kubernetes/vanilla/deployment/io/quarkus/kubernetes/deployment/KubernetesProcessor.java,98,sonar:S107
extensions/kubernetes/vanilla/deployment/io/quarkus/kubernetes/deployment/KubernetesProcessor.java,98,sonar:S138
extensions/liquibase/liquibase-mongodb/deployment/io/quarkus/liquibase/mongodb/deployment/LiquibaseMongodbProcessor.java,102,sonar:S138
extensions/liquibase/liquibase-mongodb/deployment/io/quarkus/liquibase/mongodb/deployment/LiquibaseMongodbProcessor.java,102,sonar:S107
extensions/liquibase/liquibase/deployment/io/quarkus/liquibase/deployment/LiquibaseProcessor.java,112,sonar:S138
extensions/liquibase/liquibase/deployment/io/quarkus/liquibase/deployment/LiquibaseProcessor.java,112,sonar:S107
extensions/mailer/runtime/io/quarkus/mailer/runtime/MutinyMailerImpl.java,60,sonar:S107
extensions/micrometer/deployment/io/quarkus/micrometer/deployment/export/JsonRegistryProcessor.java,38,sonar:S107
extensions/micrometer/runtime/io/quarkus/micrometer/runtime/MicrometerRecorder.java,84,sonar:S138
extensions/micrometer/runtime/io/quarkus/micrometer/runtime/binder/vertx/VertxHttpClientMetrics.java,105,sonar:S138
extensions/mongodb-client/deployment/io/quarkus/mongodb/deployment/DevServicesMongoProcessor.java,71,sonar:S107
extensions/mongodb-client/deployment/io/quarkus/mongodb/deployment/DevServicesMongoProcessor.java,160,sonar:S107
extensions/mongodb-client/deployment/io/quarkus/mongodb/deployment/MongoClientProcessor.java,291,sonar:S107
extensions/mongodb-client/runtime/io/quarkus/mongodb/runtime/MongoClients.java,307,sonar:S138
extensions/narayana-jta/deployment/io/quarkus/narayana/jta/deployment/NarayanaJtaProcessor.java,96,sonar:S107
extensions/netty/deployment/io/quarkus/netty/deployment/NettyProcessor.java,157,sonar:S138
extensions/netty/deployment/io/quarkus/netty/deployment/NettyProcessor.java,548,sonar:S138
extensions/netty/deployment/io/quarkus/netty/deployment/NettyProcessor.java,554,sonar:S138
extensions/observability-devservices/deployment/io/quarkus/observability/deployment/ObservabilityDevServiceProcessor.java,84,sonar:S107
extensions/observability-devservices/deployment/io/quarkus/observability/deployment/ObservabilityDevServiceProcessor.java,84,sonar:S138
extensions/oidc-client-registration/runtime/io/quarkus/oidc/client/registration/runtime/OidcClientRegistrationRecorder.java,104,sonar:S138
extensions/oidc-client/deployment/io/quarkus/oidc/client/deployment/OidcClientFilterDeploymentHelper.java,74,sonar:S138
extensions/oidc-client/runtime/io/quarkus/oidc/client/runtime/OidcClientImpl.java,81,sonar:S107
extensions/oidc-client/runtime/io/quarkus/oidc/client/runtime/OidcClientImpl.java,192,sonar:S138
extensions/oidc-client/runtime/io/quarkus/oidc/client/runtime/OidcClientImpl.java,475,sonar:S107
extensions/oidc-common/runtime/io/quarkus/oidc/common/runtime/OidcCommonUtils.java,576,sonar:S107
extensions/oidc-common/runtime/io/quarkus/oidc/common/runtime/OidcCommonUtils.java,605,sonar:S107
extensions/oidc-token-propagation/deployment/io/quarkus/oidc/token/propagation/deployment/OidcTokenPropagationBuildStep.java,42,sonar:S107
extensions/oidc/deployment/io/quarkus/oidc/deployment/OidcBuildStep.java,437,sonar:S107
extensions/oidc/deployment/io/quarkus/oidc/deployment/devservices/AbstractDevUIProcessor.java,27,sonar:S107
extensions/oidc/runtime-dev/io/quarkus/oidc/runtime/dev/ui/OidcDevServicesUtils.java,166,sonar:S107
extensions/oidc/runtime-dev/io/quarkus/oidc/runtime/dev/ui/OidcDevUiRecorder.java,49,sonar:S107
extensions/oidc/runtime-dev/io/quarkus/oidc/runtime/dev/ui/OidcDevUiRpcSvcPropertiesBean.java,35,sonar:S107
extensions/oidc/runtime-dev/io/quarkus/oidc/runtime/dev/ui/OidcDevUiRuntimePropertiesDTO.java,43,sonar:S107
extensions/oidc/runtime/io/quarkus/oidc/OidcConfigurationMetadata.java,42,sonar:S107
extensions/oidc/runtime/io/quarkus/oidc/runtime/CodeAuthenticationMechanism.java,157,sonar:S138
extensions/oidc/runtime/io/quarkus/oidc/runtime/CodeAuthenticationMechanism.java,343,sonar:S138
extensions/oidc/runtime/io/quarkus/oidc/runtime/CodeAuthenticationMechanism.java,364,sonar:S138
extensions/oidc/runtime/io/quarkus/oidc/runtime/CodeAuthenticationMechanism.java,376,sonar:S138
extensions/oidc/runtime/io/quarkus/oidc/runtime/CodeAuthenticationMechanism.java,655,sonar:S138
extensions/oidc/runtime/io/quarkus/oidc/runtime/CodeAuthenticationMechanism.java,679,sonar:S138
extensions/oidc/runtime/io/quarkus/oidc/runtime/CodeAuthenticationMechanism.java,863,sonar:S138
extensions/oidc/runtime/io/quarkus/oidc/runtime/CodeAuthenticationMechanism.java,898,sonar:S138
extensions/oidc/runtime/io/quarkus/oidc/runtime/CodeAuthenticationMechanism.java,1110,sonar:S138
extensions/oidc/runtime/io/quarkus/oidc/runtime/CodeAuthenticationMechanism.java,1120,sonar:S138
extensions/oidc/runtime/io/quarkus/oidc/runtime/OidcIdentityProvider.java,201,sonar:S138
extensions/oidc/runtime/io/quarkus/oidc/runtime/OidcIdentityProvider.java,442,sonar:S138
extensions/oidc/runtime/io/quarkus/oidc/runtime/OidcProvider.java,203,sonar:S138
extensions/oidc/runtime/io/quarkus/oidc/runtime/OidcProvider.java,203,sonar:S107
extensions/oidc/runtime/io/quarkus/oidc/runtime/OidcProvider.java,375,sonar:S138
extensions/oidc/runtime/io/quarkus/oidc/runtime/OidcProviderClientImpl.java,332,sonar:S138
extensions/oidc/runtime/io/quarkus/oidc/runtime/OidcUtils.java,340,sonar:S107
extensions/oidc/runtime/io/quarkus/oidc/runtime/TenantContextFactory.java,166,sonar:S138
extensions/oidc/runtime/io/quarkus/oidc/runtime/TenantContextFactory.java,451,sonar:S138
extensions/opentelemetry/runtime/io/quarkus/opentelemetry/runtime/exporter/otlp/OTelExporterRecorder.java,96,sonar:S138
extensions/opentelemetry/runtime/io/quarkus/opentelemetry/runtime/exporter/otlp/sender/VertxGrpcSender.java,241,sonar:S138
extensions/opentelemetry/runtime/io/quarkus/opentelemetry/runtime/exporter/otlp/sender/VertxHttpSender.java,236,sonar:S138
extensions/opentelemetry/runtime/io/quarkus/opentelemetry/runtime/tracing/cdi/WithSpanInterceptor.java,69,sonar:S138
extensions/panache/hibernate-orm-panache-kotlin/deployment/io/quarkus/hibernate/orm/panache/kotlin/deployment/KotlinPanacheResourceProcessor.java,122,sonar:S107
extensions/panache/mongodb-panache-common/deployment/io/quarkus/mongodb/panache/common/deployment/BasePanacheMongoResourceProcessor.java,379,sonar:S107
extensions/panache/rest-data-panache/deployment/io/quarkus/rest/data/panache/deployment/properties/ResourceProperties.java,29,sonar:S107
extensions/quartz/runtime/io/quarkus/quartz/runtime/QuartzSchedulerImpl.java,119,sonar:S138
extensions/quartz/runtime/io/quarkus/quartz/runtime/QuartzSchedulerImpl.java,691,sonar:S138
extensions/quartz/runtime/io/quarkus/quartz/runtime/QuartzSchedulerImpl.java,921,sonar:S138
extensions/qute/deployment/io/quarkus/qute/deployment/MessageBundleProcessor.java,129,sonar:S107
extensions/qute/deployment/io/quarkus/qute/deployment/MessageBundleProcessor.java,129,sonar:S138
extensions/qute/deployment/io/quarkus/qute/deployment/MessageBundleProcessor.java,444,sonar:S138
extensions/qute/deployment/io/quarkus/qute/deployment/MessageBundleProcessor.java,444,sonar:S107
extensions/qute/deployment/io/quarkus/qute/deployment/MessageBundleProcessor.java,919,sonar:S138
extensions/qute/deployment/io/quarkus/qute/deployment/MessageBundleProcessor.java,919,sonar:S107
extensions/qute/deployment/io/quarkus/qute/deployment/MessageBundleProcessor.java,1166,sonar:S107
extensions/qute/deployment/io/quarkus/qute/deployment/MessageBundleProcessor.java,1261,sonar:S138
extensions/qute/deployment/io/quarkus/qute/deployment/MessageBundleProcessor.java,1408,sonar:S107
extensions/qute/deployment/io/quarkus/qute/deployment/QuteProcessor.java,309,sonar:S138
extensions/qute/deployment/io/quarkus/qute/deployment/QuteProcessor.java,642,sonar:S107
extensions/qute/deployment/io/quarkus/qute/deployment/QuteProcessor.java,642,sonar:S138
extensions/qute/deployment/io/quarkus/qute/deployment/QuteProcessor.java,856,sonar:S138
extensions/qute/deployment/io/quarkus/qute/deployment/QuteProcessor.java,1001,sonar:S107
extensions/qute/deployment/io/quarkus/qute/deployment/QuteProcessor.java,1212,sonar:S138
extensions/qute/deployment/io/quarkus/qute/deployment/QuteProcessor.java,1389,sonar:S107
extensions/qute/deployment/io/quarkus/qute/deployment/QuteProcessor.java,1526,sonar:S107
extensions/qute/deployment/io/quarkus/qute/deployment/QuteProcessor.java,1626,sonar:S107
extensions/qute/deployment/io/quarkus/qute/deployment/QuteProcessor.java,1716,sonar:S107
extensions/qute/deployment/io/quarkus/qute/deployment/QuteProcessor.java,1952,sonar:S138
extensions/qute/deployment/io/quarkus/qute/deployment/QuteProcessor.java,1952,sonar:S107
extensions/qute/deployment/io/quarkus/qute/deployment/QuteProcessor.java,2227,sonar:S107
extensions/qute/deployment/io/quarkus/qute/deployment/QuteProcessor.java,2288,sonar:S107
extensions/qute/deployment/io/quarkus/qute/deployment/QuteProcessor.java,2714,sonar:S138
extensions/qute/deployment/io/quarkus/qute/deployment/QuteProcessor.java,2843,sonar:S107
extensions/qute/deployment/io/quarkus/qute/deployment/QuteProcessor.java,3100,sonar:S107
extensions/qute/deployment/io/quarkus/qute/deployment/QuteProcessor.java,3299,sonar:S107
extensions/qute/deployment/io/quarkus/qute/deployment/QuteProcessor.java,3665,sonar:S107
extensions/qute/deployment/io/quarkus/qute/deployment/devui/QuteDevUIProcessor.java,37,sonar:S107
extensions/qute/runtime/io/quarkus/qute/runtime/EngineProducer.java,94,sonar:S138
extensions/reactive-db2-client/deployment/io/quarkus/reactive/db2/client/deployment/ReactiveDB2ClientProcessor.java,79,sonar:S107
extensions/reactive-mssql-client/deployment/io/quarkus/reactive/mssql/client/deployment/ReactiveMSSQLClientProcessor.java,79,sonar:S107
extensions/reactive-mysql-client/deployment/io/quarkus/reactive/mysql/client/deployment/ReactiveMySQLClientProcessor.java,79,sonar:S107
extensions/reactive-oracle-client/deployment/io/quarkus/reactive/oracle/client/deployment/ReactiveOracleClientProcessor.java,79,sonar:S107
extensions/reactive-pg-client/deployment/io/quarkus/reactive/pg/client/deployment/ReactivePgClientProcessor.java,91,sonar:S107
extensions/reactive-routes/deployment/io/quarkus/vertx/web/deployment/ReactiveRoutesProcessor.java,160,sonar:S138
extensions/reactive-routes/deployment/io/quarkus/vertx/web/deployment/ReactiveRoutesProcessor.java,274,sonar:S107
extensions/reactive-routes/deployment/io/quarkus/vertx/web/deployment/ReactiveRoutesProcessor.java,274,sonar:S138
extensions/reactive-routes/deployment/io/quarkus/vertx/web/deployment/ReactiveRoutesProcessor.java,597,sonar:S107
extensions/reactive-routes/deployment/io/quarkus/vertx/web/deployment/ReactiveRoutesProcessor.java,691,sonar:S138
extensions/reactive-routes/deployment/io/quarkus/vertx/web/deployment/ReactiveRoutesProcessor.java,691,sonar:S107
extensions/reactive-routes/deployment/io/quarkus/vertx/web/deployment/ReactiveRoutesProcessor.java,1267,sonar:S138
extensions/redis-client/deployment/io/quarkus/redis/deployment/client/RedisClientProcessor.java,121,sonar:S107
extensions/redis-client/runtime/io/quarkus/redis/datasource/search/CreateArgs.java,292,sonar:S138
extensions/redis-client/runtime/io/quarkus/redis/datasource/search/QueryArgs.java,439,sonar:S138
extensions/resteasy-classic/rest-client-config/runtime/io/quarkus/restclient/config/AbstractRestClientConfigBuilder.java,60,sonar:S138
extensions/resteasy-classic/resteasy-client/deployment/io/quarkus/restclient/deployment/RestClientProcessor.java,196,sonar:S107
extensions/resteasy-classic/resteasy-client/runtime/io/quarkus/restclient/runtime/QuarkusProxyInvocationHandler.java,90,sonar:S138
extensions/resteasy-classic/resteasy-client/runtime/io/quarkus/restclient/runtime/QuarkusRestClientBuilder.java,252,sonar:S138
extensions/resteasy-classic/resteasy-common/deployment/io/quarkus/resteasy/common/deployment/ResteasyCommonProcessor.java,165,sonar:S107
extensions/resteasy-classic/resteasy-server-common/deployment/io/quarkus/resteasy/server/common/deployment/ResteasyServerCommonProcessor.java,190,sonar:S138
extensions/resteasy-classic/resteasy-server-common/deployment/io/quarkus/resteasy/server/common/deployment/ResteasyServerCommonProcessor.java,190,sonar:S107
extensions/resteasy-classic/resteasy/deployment/io/quarkus/resteasy/deployment/ResteasyServletProcessor.java,75,sonar:S107
extensions/resteasy-classic/resteasy/deployment/io/quarkus/resteasy/deployment/ResteasyStandaloneBuildStep.java,88,sonar:S107
extensions/resteasy-classic/resteasy/runtime/io/quarkus/resteasy/runtime/standalone/VertxRequestHandler.java,107,sonar:S138
extensions/resteasy-reactive/rest-client-jaxrs/deployment/io/quarkus/jaxrs/client/reactive/deployment/JaxrsClientReactiveEnricher.java,43,sonar:S107
extensions/resteasy-reactive/rest-client-jaxrs/deployment/io/quarkus/jaxrs/client/reactive/deployment/JaxrsClientReactiveEnricher.java,52,sonar:S107
extensions/resteasy-reactive/rest-client-jaxrs/deployment/io/quarkus/jaxrs/client/reactive/deployment/JaxrsClientReactiveEnricher.java,71,sonar:S107
extensions/resteasy-reactive/rest-client-jaxrs/deployment/io/quarkus/jaxrs/client/reactive/deployment/JaxrsClientReactiveEnricher.java,96,sonar:S107
extensions/resteasy-reactive/rest-client-jaxrs/deployment/io/quarkus/jaxrs/client/reactive/deployment/JaxrsClientReactiveProcessor.java,283,sonar:S138
extensions/resteasy-reactive/rest-client-jaxrs/deployment/io/quarkus/jaxrs/client/reactive/deployment/JaxrsClientReactiveProcessor.java,283,sonar:S107
extensions/resteasy-reactive/rest-client-jaxrs/deployment/io/quarkus/jaxrs/client/reactive/deployment/JaxrsClientReactiveProcessor.java,858,sonar:S107
extensions/resteasy-reactive/rest-client-jaxrs/deployment/io/quarkus/jaxrs/client/reactive/deployment/JaxrsClientReactiveProcessor.java,858,sonar:S138
extensions/resteasy-reactive/rest-client-jaxrs/deployment/io/quarkus/jaxrs/client/reactive/deployment/JaxrsClientReactiveProcessor.java,1563,sonar:S107
extensions/resteasy-reactive/rest-client-jaxrs/deployment/io/quarkus/jaxrs/client/reactive/deployment/JaxrsClientReactiveProcessor.java,1563,sonar:S138
extensions/resteasy-reactive/rest-client-jaxrs/deployment/io/quarkus/jaxrs/client/reactive/deployment/JaxrsClientReactiveProcessor.java,2100,sonar:S107
extensions/resteasy-reactive/rest-client-jaxrs/deployment/io/quarkus/jaxrs/client/reactive/deployment/JaxrsClientReactiveProcessor.java,2224,sonar:S107
extensions/resteasy-reactive/rest-client-jaxrs/deployment/io/quarkus/jaxrs/client/reactive/deployment/JaxrsClientReactiveProcessor.java,2257,sonar:S107
extensions/resteasy-reactive/rest-client-jaxrs/deployment/io/quarkus/jaxrs/client/reactive/deployment/JaxrsClientReactiveProcessor.java,2544,sonar:S138
extensions/resteasy-reactive/rest-client-jaxrs/deployment/io/quarkus/jaxrs/client/reactive/deployment/JaxrsClientReactiveProcessor.java,2544,sonar:S107
extensions/resteasy-reactive/rest-client-jaxrs/deployment/io/quarkus/jaxrs/client/reactive/deployment/JaxrsClientReactiveProcessor.java,2910,sonar:S107
extensions/resteasy-reactive/rest-client-jaxrs/deployment/io/quarkus/jaxrs/client/reactive/deployment/JaxrsClientReactiveProcessor.java,2942,sonar:S138
extensions/resteasy-reactive/rest-client-jaxrs/deployment/io/quarkus/jaxrs/client/reactive/deployment/JaxrsClientReactiveProcessor.java,2942,sonar:S107
extensions/resteasy-reactive/rest-client-jaxrs/deployment/io/quarkus/jaxrs/client/reactive/deployment/JaxrsClientReactiveProcessor.java,3115,sonar:S107
extensions/resteasy-reactive/rest-client-jaxrs/deployment/io/quarkus/jaxrs/client/reactive/deployment/JaxrsClientReactiveProcessor.java,3115,sonar:S138
extensions/resteasy-reactive/rest-client-jaxrs/deployment/io/quarkus/jaxrs/client/reactive/deployment/JaxrsClientReactiveProcessor.java,3299,sonar:S107
extensions/resteasy-reactive/rest-client-jaxrs/deployment/io/quarkus/jaxrs/client/reactive/deployment/JaxrsClientReactiveProcessor.java,3328,sonar:S107
extensions/resteasy-reactive/rest-client-jaxrs/deployment/io/quarkus/jaxrs/client/reactive/deployment/JaxrsClientReactiveProcessor.java,3410,sonar:S107
extensions/resteasy-reactive/rest-client-jaxrs/deployment/io/quarkus/jaxrs/client/reactive/deployment/JaxrsClientReactiveProcessor.java,3424,sonar:S107
extensions/resteasy-reactive/rest-client-jaxrs/deployment/io/quarkus/jaxrs/client/reactive/deployment/JaxrsClientReactiveProcessor.java,3424,sonar:S138
extensions/resteasy-reactive/rest-client-jaxrs/deployment/io/quarkus/jaxrs/client/reactive/deployment/JaxrsClientReactiveProcessor.java,3545,sonar:S107
extensions/resteasy-reactive/rest-client/deployment/io/quarkus/rest/client/reactive/deployment/ClientExceptionMapperHandler.java,70,sonar:S138
extensions/resteasy-reactive/rest-client/deployment/io/quarkus/rest/client/reactive/deployment/ClientRedirectHandler.java,55,sonar:S138
extensions/resteasy-reactive/rest-client/deployment/io/quarkus/rest/client/reactive/deployment/MicroProfileRestClientEnricher.java,367,sonar:S138
extensions/resteasy-reactive/rest-client/deployment/io/quarkus/rest/client/reactive/deployment/MicroProfileRestClientEnricher.java,367,sonar:S107
extensions/resteasy-reactive/rest-client/deployment/io/quarkus/rest/client/reactive/deployment/MicroProfileRestClientEnricher.java,596,sonar:S107
extensions/resteasy-reactive/rest-client/deployment/io/quarkus/rest/client/reactive/deployment/MicroProfileRestClientEnricher.java,749,sonar:S138
extensions/resteasy-reactive/rest-client/deployment/io/quarkus/rest/client/reactive/deployment/RestClientReactiveProcessor.java,185,sonar:S107
extensions/resteasy-reactive/rest-client/deployment/io/quarkus/rest/client/reactive/deployment/RestClientReactiveProcessor.java,306,sonar:S107
extensions/resteasy-reactive/rest-client/deployment/io/quarkus/rest/client/reactive/deployment/RestClientReactiveProcessor.java,306,sonar:S138
extensions/resteasy-reactive/rest-client/deployment/io/quarkus/rest/client/reactive/deployment/RestClientReactiveProcessor.java,604,sonar:S138
extensions/resteasy-reactive/rest-client/deployment/io/quarkus/rest/client/reactive/deployment/RestClientReactiveProcessor.java,604,sonar:S107
extensions/resteasy-reactive/rest-client/deployment/io/quarkus/rest/client/reactive/deployment/devservices/DevServicesRestClientHttpProxyProcessor.java,86,sonar:S138
extensions/resteasy-reactive/rest-client/runtime/io/quarkus/rest/client/reactive/runtime/RestClientBuilderImpl.java,486,sonar:S138
extensions/resteasy-reactive/rest-common/deployment/io/quarkus/resteasy/reactive/common/deployment/SerializersUtil.java,26,sonar:S107
extensions/resteasy-reactive/rest-csrf/runtime/io/quarkus/csrf/reactive/runtime/CsrfRequestResponseReactiveFilter.java,65,sonar:S138
extensions/resteasy-reactive/rest-jackson/deployment/io/quarkus/resteasy/reactive/jackson/deployment/processor/JacksonDeserializerFactory.java,353,sonar:S107
extensions/resteasy-reactive/rest-jackson/deployment/io/quarkus/resteasy/reactive/jackson/deployment/processor/ResteasyReactiveJacksonProcessor.java,250,sonar:S138
extensions/resteasy-reactive/rest-jackson/deployment/io/quarkus/resteasy/reactive/jackson/deployment/processor/ResteasyReactiveJacksonProcessor.java,445,sonar:S138
extensions/resteasy-reactive/rest/deployment/io/quarkus/resteasy/reactive/server/deployment/CustomResourceProducersGenerator.java,113,sonar:S138
extensions/resteasy-reactive/rest/deployment/io/quarkus/resteasy/reactive/server/deployment/ResteasyReactiveProcessor.java,456,sonar:S138
extensions/resteasy-reactive/rest/deployment/io/quarkus/resteasy/reactive/server/deployment/ResteasyReactiveProcessor.java,456,sonar:S107
extensions/resteasy-reactive/rest/deployment/io/quarkus/resteasy/reactive/server/deployment/ResteasyReactiveProcessor.java,1277,sonar:S107
extensions/resteasy-reactive/rest/deployment/io/quarkus/resteasy/reactive/server/deployment/ResteasyReactiveProcessor.java,1401,sonar:S138
extensions/resteasy-reactive/rest/deployment/io/quarkus/resteasy/reactive/server/deployment/ResteasyReactiveProcessor.java,1401,sonar:S107
extensions/resteasy-reactive/rest/deployment/io/quarkus/resteasy/reactive/server/deployment/ResteasyReactiveProcessor.java,1831,sonar:S107
extensions/resteasy-reactive/rest/deployment/io/quarkus/resteasy/reactive/server/deployment/ResteasyReactiveScanningProcessor.java,188,sonar:S107
extensions/resteasy-reactive/rest/deployment/io/quarkus/resteasy/reactive/server/deployment/ResteasyReactiveScanningProcessor.java,377,sonar:S107
extensions/resteasy-reactive/rest/deployment/io/quarkus/resteasy/reactive/server/deployment/ResteasyReactiveScanningProcessor.java,377,sonar:S138
extensions/resteasy-reactive/rest/runtime/io/quarkus/resteasy/reactive/server/runtime/ResteasyReactiveRecorder.java,112,sonar:S107
extensions/scheduler/common/io/quarkus/scheduler/common/runtime/BaseScheduler.java,40,sonar:S107
extensions/scheduler/common/io/quarkus/scheduler/common/runtime/Events.java,32,sonar:S107
extensions/scheduler/deployment/io/quarkus/scheduler/deployment/SchedulerProcessor.java,268,sonar:S107
extensions/scheduler/deployment/io/quarkus/scheduler/deployment/SchedulerProcessor.java,371,sonar:S107
extensions/scheduler/deployment/io/quarkus/scheduler/deployment/SchedulerProcessor.java,464,sonar:S138
extensions/scheduler/deployment/io/quarkus/scheduler/deployment/SchedulerProcessor.java,613,sonar:S107
extensions/scheduler/deployment/io/quarkus/scheduler/deployment/SchedulerProcessor.java,613,sonar:S138
extensions/security-jpa-common/deployment/io/quarkus/security/jpa/common/deployment/JpaSecurityIdentityUtil.java,43,sonar:S107
extensions/security/deployment/io/quarkus/security/deployment/PermissionSecurityChecks.java,581,sonar:S138
extensions/security/deployment/io/quarkus/security/deployment/PermissionSecurityChecks.java,782,sonar:S138
extensions/security/deployment/io/quarkus/security/deployment/PermissionSecurityChecks.java,1381,sonar:S107
extensions/security/deployment/io/quarkus/security/deployment/SecurityProcessor.java,835,sonar:S107
extensions/security/deployment/io/quarkus/security/deployment/SecurityProcessor.java,947,sonar:S138
extensions/security/deployment/io/quarkus/security/deployment/SecurityProcessor.java,947,sonar:S107
extensions/security/spi/io/quarkus/security/spi/SecurityTransformerBuildItem.java,93,sonar:S138
extensions/smallrye-context-propagation/deployment/io/quarkus/smallrye/context/deployment/SmallRyeContextPropagationProcessor.java,175,sonar:S138
extensions/smallrye-fault-tolerance/deployment/io/quarkus/smallrye/faulttolerance/deployment/FaultToleranceMethodSearch.java,220,sonar:S107
extensions/smallrye-fault-tolerance/deployment/io/quarkus/smallrye/faulttolerance/deployment/SmallRyeFaultToleranceProcessor.java,83,sonar:S107
extensions/smallrye-fault-tolerance/deployment/io/quarkus/smallrye/faulttolerance/deployment/SmallRyeFaultToleranceProcessor.java,83,sonar:S138
extensions/smallrye-fault-tolerance/deployment/io/quarkus/smallrye/faulttolerance/deployment/SmallRyeFaultToleranceProcessor.java,244,sonar:S107
extensions/smallrye-fault-tolerance/deployment/io/quarkus/smallrye/faulttolerance/deployment/SmallRyeFaultToleranceProcessor.java,244,sonar:S138
extensions/smallrye-fault-tolerance/runtime-dev/io/quarkus/smallrye/faulttolerance/runtime/devui/FaultToleranceJsonRpcService.java,47,sonar:S138
extensions/smallrye-graphql/deployment/io/quarkus/smallrye/graphql/deployment/SmallRyeGraphQLProcessor.java,349,sonar:S107
extensions/smallrye-graphql/deployment/io/quarkus/smallrye/graphql/deployment/SmallRyeGraphQLProcessor.java,420,sonar:S107
extensions/smallrye-graphql/deployment/io/quarkus/smallrye/graphql/deployment/SmallRyeGraphQLProcessor.java,826,sonar:S107
extensions/smallrye-health/deployment/io/quarkus/smallrye/health/deployment/SmallRyeHealthProcessor.java,416,sonar:S107
extensions/smallrye-openapi/deployment/io/quarkus/smallrye/openapi/deployment/SmallRyeOpenApiProcessor.java,378,sonar:S107
extensions/smallrye-openapi/deployment/io/quarkus/smallrye/openapi/deployment/SmallRyeOpenApiProcessor.java,1135,sonar:S107
extensions/smallrye-openapi/deployment/io/quarkus/smallrye/openapi/deployment/SmallRyeOpenApiProcessor.java,1226,sonar:S107
extensions/smallrye-reactive-messaging-kafka/deployment/io/quarkus/smallrye/reactivemessaging/kafka/deployment/SmallRyeReactiveMessagingKafkaProcessor.java,334,sonar:S107
extensions/smallrye-reactive-messaging-kafka/deployment/io/quarkus/smallrye/reactivemessaging/kafka/deployment/SmallRyeReactiveMessagingKafkaProcessor.java,869,sonar:S107
extensions/smallrye-reactive-messaging/deployment/io/quarkus/smallrye/reactivemessaging/deployment/ConnectorAttributeLiteral.java,32,sonar:S107
extensions/smallrye-reactive-messaging/deployment/io/quarkus/smallrye/reactivemessaging/deployment/QuarkusMediatorConfigurationUtil.java,53,sonar:S138
extensions/smallrye-reactive-messaging/deployment/io/quarkus/smallrye/reactivemessaging/deployment/SmallRyeReactiveMessagingProcessor.java,262,sonar:S107
extensions/smallrye-reactive-messaging/deployment/io/quarkus/smallrye/reactivemessaging/deployment/WiringProcessor.java,85,sonar:S107
extensions/smallrye-reactive-messaging/deployment/io/quarkus/smallrye/reactivemessaging/deployment/WiringProcessor.java,193,sonar:S107
extensions/smallrye-reactive-messaging/runtime/io/quarkus/smallrye/reactivemessaging/runtime/devmode/DevModeSupportConnectorFactoryInterceptor.java,33,sonar:S138
extensions/spring-boot-properties/deployment/io/quarkus/spring/boot/properties/deployment/ClassConfigurationPropertiesUtil.java,219,sonar:S138
extensions/spring-boot-properties/deployment/io/quarkus/spring/boot/properties/deployment/ClassConfigurationPropertiesUtil.java,410,sonar:S107
extensions/spring-boot-properties/deployment/io/quarkus/spring/boot/properties/deployment/ConfigurationPropertiesBuildStep.java,35,sonar:S107
extensions/spring-boot-properties/deployment/io/quarkus/spring/boot/properties/deployment/InterfaceConfigurationPropertiesUtil.java,57,sonar:S107
extensions/spring-boot-properties/deployment/io/quarkus/spring/boot/properties/deployment/InterfaceConfigurationPropertiesUtil.java,104,sonar:S138
extensions/spring-data-jpa/deployment/io/quarkus/spring/data/deployment/MethodNameParser.java,84,sonar:S138
extensions/spring-data-jpa/deployment/io/quarkus/spring/data/deployment/generate/AbstractMethodsAdder.java,70,sonar:S138
extensions/spring-data-jpa/deployment/io/quarkus/spring/data/deployment/generate/AbstractMethodsAdder.java,70,sonar:S107
extensions/spring-data-jpa/deployment/io/quarkus/spring/data/deployment/generate/CustomQueryMethodsAdder.java,72,sonar:S138
extensions/spring-data-jpa/deployment/io/quarkus/spring/data/deployment/generate/DerivedMethodsAdder.java,60,sonar:S138
extensions/spring-di/deployment/io/quarkus/spring/di/deployment/SpringDIProcessor.java,295,sonar:S138
extensions/spring-security/deployment/io/quarkus/spring/security/deployment/BeanMethodInvocationGenerator.java,69,sonar:S138
extensions/spring-security/deployment/io/quarkus/spring/security/deployment/SpringSecurityProcessor.java,357,sonar:S107
extensions/spring-security/deployment/io/quarkus/spring/security/deployment/SpringSecurityProcessor.java,357,sonar:S138
extensions/spring-web/core/deployment/io/quarkus/spring/web/deployment/SpringWebProcessor.java,193,sonar:S107
extensions/spring-web/resteasy-reactive/deployment/io/quarkus/spring/web/resteasy/reactive/deployment/SpringWebResteasyReactiveProcessor.java,198,sonar:S138
extensions/spring-web/resteasy-reactive/deployment/io/quarkus/spring/web/resteasy/reactive/deployment/SpringWebResteasyReactiveProcessor.java,208,sonar:S138
extensions/swagger-ui/deployment/io/quarkus/swaggerui/deployment/SwaggerUiProcessor.java,88,sonar:S107
extensions/swagger-ui/deployment/io/quarkus/swaggerui/deployment/SwaggerUiProcessor.java,159,sonar:S107
extensions/swagger-ui/deployment/io/quarkus/swaggerui/deployment/SwaggerUiProcessor.java,196,sonar:S138
extensions/undertow/deployment/io/quarkus/undertow/deployment/UndertowBuildStep.java,182,sonar:S107
extensions/undertow/deployment/io/quarkus/undertow/deployment/UndertowBuildStep.java,379,sonar:S107
extensions/undertow/deployment/io/quarkus/undertow/deployment/UndertowBuildStep.java,379,sonar:S138
extensions/undertow/deployment/io/quarkus/undertow/deployment/UndertowBuildStep.java,722,sonar:S138
extensions/undertow/runtime/io/quarkus/undertow/runtime/UndertowDeploymentRecorder.java,180,sonar:S107
extensions/undertow/runtime/io/quarkus/undertow/runtime/UndertowDeploymentRecorder.java,365,sonar:S138
extensions/undertow/runtime/io/quarkus/undertow/runtime/UndertowDeploymentRecorder.java,492,sonar:S138
extensions/undertow/runtime/io/quarkus/undertow/runtime/UndertowDeploymentRecorder.java,622,sonar:S138
extensions/undertow/runtime/io/quarkus/undertow/runtime/UndertowDeploymentRecorder.java,634,sonar:S138
extensions/undertow/runtime/io/quarkus/undertow/runtime/UndertowDeploymentRecorder.java,771,sonar:S107
extensions/vertx-http/deployment-spi/io/quarkus/vertx/http/deployment/spi/RouteBuildItem.java,93,sonar:S107
extensions/vertx-http/deployment/io/quarkus/vertx/http/deployment/HttpSecurityProcessor.java,375,sonar:S107
extensions/vertx-http/deployment/io/quarkus/vertx/http/deployment/HttpSecurityProcessor.java,824,sonar:S138
extensions/vertx-http/deployment/io/quarkus/vertx/http/deployment/VertxHttpProcessor.java,333,sonar:S107
extensions/vertx-http/deployment/io/quarkus/vertx/http/deployment/VertxHttpProcessor.java,422,sonar:S107
extensions/vertx-http/deployment/io/quarkus/vertx/http/deployment/VertxHttpProcessor.java,536,sonar:S107
extensions/vertx-http/runtime/io/quarkus/vertx/http/runtime/ForwardingProxyOptions.java,23,sonar:S107
extensions/vertx-http/runtime/io/quarkus/vertx/http/runtime/QuarkusErrorHandler.java,80,sonar:S138
extensions/vertx-http/runtime/io/quarkus/vertx/http/runtime/StaticResourcesRecorder.java,42,sonar:S138
extensions/vertx-http/runtime/io/quarkus/vertx/http/runtime/VertxHttpRecorder.java,353,sonar:S107
extensions/vertx-http/runtime/io/quarkus/vertx/http/runtime/VertxHttpRecorder.java,408,sonar:S107
extensions/vertx-http/runtime/io/quarkus/vertx/http/runtime/VertxHttpRecorder.java,408,sonar:S138
extensions/vertx-http/runtime/io/quarkus/vertx/http/runtime/VertxHttpRecorder.java,626,sonar:S107
extensions/vertx-http/runtime/io/quarkus/vertx/http/runtime/VertxHttpRecorder.java,801,sonar:S107
extensions/vertx-http/runtime/io/quarkus/vertx/http/runtime/VertxHttpRecorder.java,894,sonar:S138
extensions/vertx-http/runtime/io/quarkus/vertx/http/runtime/VertxHttpRecorder.java,894,sonar:S107
extensions/vertx-http/runtime/io/quarkus/vertx/http/runtime/VertxHttpRecorder.java,1348,sonar:S107
extensions/vertx-http/runtime/io/quarkus/vertx/http/runtime/VertxHttpRecorder.java,1348,sonar:S138
extensions/vertx-http/runtime/io/quarkus/vertx/http/runtime/attribute/ExchangeAttributeParser.java,60,sonar:S138
extensions/vertx-http/runtime/io/quarkus/vertx/http/runtime/devmode/ArcDevRecorder.java,64,sonar:S138
extensions/vertx-http/runtime/io/quarkus/vertx/http/runtime/devmode/ConfigDescriptionsManager.java,72,sonar:S138
extensions/vertx-http/runtime/io/quarkus/vertx/http/runtime/devmode/ResourceNotFoundRecorder.java,16,sonar:S107
extensions/vertx-http/runtime/io/quarkus/vertx/http/runtime/devmode/VertxHttpHotReplacementSetup.java,91,sonar:S138
extensions/vertx-http/runtime/io/quarkus/vertx/http/runtime/options/HttpServerOptionsUtils.java,286,sonar:S138
extensions/vertx-http/runtime/io/quarkus/vertx/http/runtime/options/TlsCertificateReloader.java,49,sonar:S138
extensions/vertx-http/runtime/io/quarkus/vertx/http/runtime/security/AbstractHttpAuthorizer.java,45,sonar:S107
extensions/vertx-http/runtime/io/quarkus/vertx/http/runtime/security/FormAuthenticationMechanism.java,127,sonar:S107
extensions/vertx-http/runtime/io/quarkus/vertx/http/runtime/security/HttpSecurityConfiguration.java,64,sonar:S107
extensions/vertx-http/runtime/io/quarkus/vertx/http/runtime/security/HttpSecurityRecorder.java,324,sonar:S138
extensions/vertx-http/runtime/io/quarkus/vertx/http/runtime/security/PersistentLoginManager.java,45,sonar:S107
extensions/vertx/deployment/io/quarkus/vertx/core/deployment/VertxCoreProcessor.java,121,sonar:S138
extensions/vertx/deployment/io/quarkus/vertx/core/deployment/VertxCoreProcessor.java,237,sonar:S107
extensions/vertx/deployment/io/quarkus/vertx/deployment/EventBusCodecProcessor.java,49,sonar:S138
extensions/vertx/deployment/io/quarkus/vertx/deployment/VertxProcessor.java,115,sonar:S107
extensions/vertx/runtime/io/quarkus/vertx/runtime/VertxEventBusConsumerRecorder.java,93,sonar:S138
extensions/websockets-next/deployment/io/quarkus/websockets/next/deployment/Callback.java,47,sonar:S107
extensions/websockets-next/deployment/io/quarkus/websockets/next/deployment/WebSocketEndpointBuildItem.java,34,sonar:S107
extensions/websockets-next/deployment/io/quarkus/websockets/next/deployment/WebSocketProcessor.java,320,sonar:S138
extensions/websockets-next/deployment/io/quarkus/websockets/next/deployment/WebSocketProcessor.java,483,sonar:S107
extensions/websockets-next/deployment/io/quarkus/websockets/next/deployment/WebSocketProcessor.java,532,sonar:S107
extensions/websockets-next/deployment/io/quarkus/websockets/next/deployment/WebSocketProcessor.java,566,sonar:S107
extensions/websockets-next/deployment/io/quarkus/websockets/next/deployment/WebSocketProcessor.java,587,sonar:S107
extensions/websockets-next/deployment/io/quarkus/websockets/next/deployment/WebSocketProcessor.java,1186,sonar:S138
extensions/websockets-next/deployment/io/quarkus/websockets/next/deployment/WebSocketProcessor.java,1186,sonar:S107
extensions/websockets-next/deployment/io/quarkus/websockets/next/deployment/WebSocketProcessor.java,1340,sonar:S107
extensions/websockets-next/deployment/io/quarkus/websockets/next/deployment/WebSocketProcessor.java,1422,sonar:S107
extensions/websockets-next/deployment/io/quarkus/websockets/next/deployment/WebSocketProcessor.java,1615,sonar:S138
extensions/websockets-next/deployment/io/quarkus/websockets/next/deployment/WebSocketProcessor.java,1878,sonar:S107
extensions/websockets-next/deployment/io/quarkus/websockets/next/deployment/WebSocketProcessor.java,1885,sonar:S107
extensions/websockets-next/runtime/io/quarkus/websockets/next/runtime/BasicWebSocketConnectorImpl.java,124,sonar:S138
extensions/websockets-next/runtime/io/quarkus/websockets/next/runtime/Endpoints.java,37,sonar:S107
extensions/websockets-next/runtime/io/quarkus/websockets/next/runtime/Endpoints.java,37,sonar:S138
extensions/websockets-next/runtime/io/quarkus/websockets/next/runtime/WebSocketClientConnectionImpl.java,25,sonar:S107
extensions/websockets-next/runtime/io/quarkus/websockets/next/runtime/WebSocketConnectionImpl.java,39,sonar:S107
extensions/websockets-next/runtime/io/quarkus/websockets/next/runtime/WebSocketConnectorImpl.java,60,sonar:S138
extensions/websockets-next/runtime/io/quarkus/websockets/next/runtime/WebSocketServerRecorder.java,89,sonar:S138
extensions/websockets-next/runtime/io/quarkus/websockets/next/runtime/telemetry/WebSocketTelemetryProvider.java,21,sonar:S107
extensions/websockets/client/deployment/io/quarkus/websockets/client/deployment/WebsocketClientProcessor.java,84,sonar:S107
extensions/websockets/client/runtime/io/quarkus/websockets/client/runtime/ServerWebSocketContainerFactory.java,18,sonar:S107
extensions/websockets/client/runtime/io/quarkus/websockets/client/runtime/WebsocketCoreRecorder.java,113,sonar:S138
independent-projects/arc/processor/io/quarkus/arc/processor/AnnotationLiteralProcessor.java,137,sonar:S138
independent-projects/arc/processor/io/quarkus/arc/processor/BeanDeployment.java,145,sonar:S138
independent-projects/arc/processor/io/quarkus/arc/processor/BeanDeployment.java,1081,sonar:S138
independent-projects/arc/processor/io/quarkus/arc/processor/BeanDeployment.java,1470,sonar:S107
independent-projects/arc/processor/io/quarkus/arc/processor/BeanGenerator.java,111,sonar:S107
independent-projects/arc/processor/io/quarkus/arc/processor/BeanGenerator.java,237,sonar:S138
independent-projects/arc/processor/io/quarkus/arc/processor/BeanGenerator.java,406,sonar:S138
independent-projects/arc/processor/io/quarkus/arc/processor/BeanGenerator.java,406,sonar:S107
independent-projects/arc/processor/io/quarkus/arc/processor/BeanGenerator.java,527,sonar:S107
independent-projects/arc/processor/io/quarkus/arc/processor/BeanGenerator.java,576,sonar:S107
independent-projects/arc/processor/io/quarkus/arc/processor/BeanGenerator.java,576,sonar:S138
independent-projects/arc/processor/io/quarkus/arc/processor/BeanGenerator.java,936,sonar:S138
independent-projects/arc/processor/io/quarkus/arc/processor/BeanGenerator.java,1049,sonar:S107
independent-projects/arc/processor/io/quarkus/arc/processor/BeanGenerator.java,1098,sonar:S138
independent-projects/arc/processor/io/quarkus/arc/processor/BeanGenerator.java,1257,sonar:S138
independent-projects/arc/processor/io/quarkus/arc/processor/BeanGenerator.java,1458,sonar:S138
independent-projects/arc/processor/io/quarkus/arc/processor/BeanGenerator.java,2055,sonar:S107
independent-projects/arc/processor/io/quarkus/arc/processor/BeanInfo.java,112,sonar:S107
independent-projects/arc/processor/io/quarkus/arc/processor/BeanInfo.java,121,sonar:S107
independent-projects/arc/processor/io/quarkus/arc/processor/BeanProcessor.java,200,sonar:S138
independent-projects/arc/processor/io/quarkus/arc/processor/Beans.java,87,sonar:S138
independent-projects/arc/processor/io/quarkus/arc/processor/Beans.java,233,sonar:S138
independent-projects/arc/processor/io/quarkus/arc/processor/Beans.java,846,sonar:S138
independent-projects/arc/processor/io/quarkus/arc/processor/ClientProxyGenerator.java,115,sonar:S138
independent-projects/arc/processor/io/quarkus/arc/processor/ComponentsProviderGenerator.java,110,sonar:S138
independent-projects/arc/processor/io/quarkus/arc/processor/ComponentsProviderGenerator.java,275,sonar:S138
independent-projects/arc/processor/io/quarkus/arc/processor/ComponentsProviderGenerator.java,423,sonar:S138
independent-projects/arc/processor/io/quarkus/arc/processor/DecoratorGenerator.java,53,sonar:S107
independent-projects/arc/processor/io/quarkus/arc/processor/DecoratorGenerator.java,224,sonar:S138
independent-projects/arc/processor/io/quarkus/arc/processor/Decorators.java,37,sonar:S138
independent-projects/arc/processor/io/quarkus/arc/processor/Injection.java,65,sonar:S138
independent-projects/arc/processor/io/quarkus/arc/processor/Injection.java,212,sonar:S138
independent-projects/arc/processor/io/quarkus/arc/processor/InterceptionProxyGenerator.java,178,sonar:S138
independent-projects/arc/processor/io/quarkus/arc/processor/InterceptionProxyGenerator.java,330,sonar:S107
independent-projects/arc/processor/io/quarkus/arc/processor/InterceptorGenerator.java,55,sonar:S107
independent-projects/arc/processor/io/quarkus/arc/processor/InterceptorGenerator.java,318,sonar:S107
independent-projects/arc/processor/io/quarkus/arc/processor/InterceptorInfo.java,55,sonar:S107
independent-projects/arc/processor/io/quarkus/arc/processor/InterceptorInfo.java,84,sonar:S138
independent-projects/arc/processor/io/quarkus/arc/processor/InterceptorInfo.java,303,sonar:S138
independent-projects/arc/processor/io/quarkus/arc/processor/InvokerGenerator.java,255,sonar:S138
independent-projects/arc/processor/io/quarkus/arc/processor/Methods.java,155,sonar:S107
independent-projects/arc/processor/io/quarkus/arc/processor/Methods.java,167,sonar:S107
independent-projects/arc/processor/io/quarkus/arc/processor/Methods.java,238,sonar:S107
independent-projects/arc/processor/io/quarkus/arc/processor/ObserverGenerator.java,69,sonar:S107
independent-projects/arc/processor/io/quarkus/arc/processor/ObserverGenerator.java,242,sonar:S107
independent-projects/arc/processor/io/quarkus/arc/processor/ObserverGenerator.java,447,sonar:S138
independent-projects/arc/processor/io/quarkus/arc/processor/ObserverInfo.java,93,sonar:S107
independent-projects/arc/processor/io/quarkus/arc/processor/ObserverInfo.java,187,sonar:S107
independent-projects/arc/processor/io/quarkus/arc/processor/RuntimeTypeCreator.java,175,sonar:S138
independent-projects/arc/processor/io/quarkus/arc/processor/StereotypeInfo.java,22,sonar:S107
independent-projects/arc/processor/io/quarkus/arc/processor/StereotypeInfo.java,36,sonar:S107
independent-projects/arc/processor/io/quarkus/arc/processor/SubclassGenerator.java,125,sonar:S138
independent-projects/arc/processor/io/quarkus/arc/processor/SubclassGenerator.java,363,sonar:S107
independent-projects/arc/processor/io/quarkus/arc/processor/SubclassGenerator.java,363,sonar:S138
independent-projects/arc/processor/io/quarkus/arc/processor/SubclassGenerator.java,575,sonar:S138
independent-projects/arc/processor/io/quarkus/arc/processor/SubclassGenerator.java,575,sonar:S107
independent-projects/arc/processor/io/quarkus/arc/processor/SyntheticComponentsUtil.java,37,sonar:S138
independent-projects/arc/processor/io/quarkus/arc/processor/Types.java,124,sonar:S138
independent-projects/arc/processor/io/quarkus/arc/processor/Types.java,619,sonar:S107
independent-projects/arc/processor/io/quarkus/arc/processor/UnusedBeans.java,27,sonar:S138
independent-projects/arc/processor/io/quarkus/arc/processor/bcextensions/AnnotationBuilderImpl.java,34,sonar:S138
independent-projects/arc/processor/io/quarkus/arc/processor/bcextensions/ExtensionPhaseDiscovery.java,20,sonar:S107
independent-projects/arc/processor/io/quarkus/arc/processor/bcextensions/ExtensionPhaseRegistration.java,24,sonar:S107
independent-projects/arc/processor/io/quarkus/arc/processor/bcextensions/ExtensionsEntryPoint.java,161,sonar:S138
independent-projects/arc/processor/io/quarkus/arc/processor/bcextensions/ExtensionsEntryPoint.java,346,sonar:S138
independent-projects/arc/runtime/io/quarkus/arc/Components.java,23,sonar:S107
independent-projects/arc/runtime/io/quarkus/arc/impl/ArcContainerImpl.java,114,sonar:S138
independent-projects/arc/runtime/io/quarkus/arc/impl/CovariantTypes.java,43,sonar:S138
independent-projects/arc/runtime/io/quarkus/arc/impl/CurrentInjectionPointProvider.java,32,sonar:S107
independent-projects/arc/runtime/io/quarkus/arc/impl/InstanceImpl.java,127,sonar:S107
independent-projects/arc/runtime/io/quarkus/arc/impl/InstanceImpl.java,158,sonar:S107
independent-projects/arc/runtime/io/quarkus/arc/impl/Instances.java,61,sonar:S107
independent-projects/arc/runtime/io/quarkus/arc/impl/Instances.java,83,sonar:S107
independent-projects/arc/runtime/io/quarkus/arc/impl/ListProvider.java,27,sonar:S107
independent-projects/bootstrap/core/io/quarkus/bootstrap/jbang/JBangDevModeLauncherImpl.java,44,sonar:S138
independent-projects/bootstrap/maven-resolver/io/quarkus/bootstrap/resolver/maven/BootstrapMavenContext.java,491,sonar:S138
independent-projects/bootstrap/maven-resolver/io/quarkus/bootstrap/resolver/maven/DefaultEffectiveModelResolver.java,50,sonar:S138
independent-projects/bootstrap/maven-resolver/io/quarkus/bootstrap/resolver/maven/options/BootstrapMavenOptionsParser.java,15,sonar:S138
independent-projects/bootstrap/runner/io/quarkus/bootstrap/runner/RunnerClassLoader.java,58,sonar:S107
independent-projects/bootstrap/runner/io/quarkus/bootstrap/runner/SerializedApplication.java,132,sonar:S138
independent-projects/extension-maven-plugin/io/quarkus/maven/ExtensionDescriptorMojo.java,273,sonar:S138
independent-projects/extension-maven-plugin/io/quarkus/maven/ExtensionDescriptorMojo.java,865,sonar:S138
independent-projects/qute/core/io/quarkus/qute/Expressions.java,71,sonar:S138
independent-projects/qute/core/io/quarkus/qute/Parser.java,130,sonar:S138
independent-projects/qute/core/io/quarkus/qute/Parser.java,820,sonar:S138
independent-projects/qute/core/io/quarkus/qute/Template.java,88,sonar:S107
independent-projects/qute/core/io/quarkus/qute/Template.java,108,sonar:S107
independent-projects/qute/generator/io/quarkus/qute/generator/ExtensionMethodGenerator.java,101,sonar:S138
independent-projects/qute/generator/io/quarkus/qute/generator/ExtensionMethodGenerator.java,209,sonar:S138
independent-projects/qute/generator/io/quarkus/qute/generator/ExtensionMethodGenerator.java,687,sonar:S138
independent-projects/qute/generator/io/quarkus/qute/generator/TemplateGlobalGenerator.java,53,sonar:S138
independent-projects/qute/generator/io/quarkus/qute/generator/ValueResolverGenerator.java,154,sonar:S138
independent-projects/qute/generator/io/quarkus/qute/generator/ValueResolverGenerator.java,362,sonar:S138
independent-projects/qute/generator/io/quarkus/qute/generator/ValueResolverGenerator.java,511,sonar:S138
independent-projects/qute/generator/io/quarkus/qute/generator/ValueResolverGenerator.java,633,sonar:S107
independent-projects/qute/generator/io/quarkus/qute/generator/ValueResolverGenerator.java,776,sonar:S107
independent-projects/qute/generator/io/quarkus/qute/generator/ValueResolverGenerator.java,845,sonar:S107
independent-projects/resteasy-reactive/client/processor/org/jboss/resteasy/reactive/client/processor/beanparam/BeanParamParser.java,47,sonar:S138
independent-projects/resteasy-reactive/client/processor/org/jboss/resteasy/reactive/client/processor/beanparam/FormParamItem.java,14,sonar:S107
independent-projects/resteasy-reactive/client/runtime/org/jboss/resteasy/reactive/client/handlers/ClientResponseCompleteRestHandler.java,47,sonar:S138
independent-projects/resteasy-reactive/client/runtime/org/jboss/resteasy/reactive/client/handlers/ClientSendRequestHandler.java,100,sonar:S138
independent-projects/resteasy-reactive/client/runtime/org/jboss/resteasy/reactive/client/handlers/ClientSendRequestHandler.java,113,sonar:S138
independent-projects/resteasy-reactive/client/runtime/org/jboss/resteasy/reactive/client/handlers/ClientSendRequestHandler.java,260,sonar:S138
independent-projects/resteasy-reactive/client/runtime/org/jboss/resteasy/reactive/client/handlers/ClientSendRequestHandler.java,265,sonar:S138
independent-projects/resteasy-reactive/client/runtime/org/jboss/resteasy/reactive/client/impl/ClientBuilderImpl.java,244,sonar:S138
independent-projects/resteasy-reactive/client/runtime/org/jboss/resteasy/reactive/client/impl/ClientImpl.java,108,sonar:S138
independent-projects/resteasy-reactive/client/runtime/org/jboss/resteasy/reactive/client/impl/ClientSerialisers.java,109,sonar:S107
independent-projects/resteasy-reactive/client/runtime/org/jboss/resteasy/reactive/client/impl/ClientSerialisers.java,136,sonar:S107
independent-projects/resteasy-reactive/client/runtime/org/jboss/resteasy/reactive/client/impl/ClientSerialisers.java,148,sonar:S107
independent-projects/resteasy-reactive/client/runtime/org/jboss/resteasy/reactive/client/impl/RestClientRequestContext.java,117,sonar:S107
independent-projects/resteasy-reactive/client/runtime/org/jboss/resteasy/reactive/client/impl/multipart/PausableHttpPostRequestEncoder.java,508,sonar:S138
independent-projects/resteasy-reactive/client/runtime/org/jboss/resteasy/reactive/client/impl/multipart/QuarkusMultipartFormUpload.java,42,sonar:S138
independent-projects/resteasy-reactive/client/runtime/org/jboss/resteasy/reactive/client/impl/multipart/QuarkusMultipartResponseDecoder.java,516,sonar:S138
independent-projects/resteasy-reactive/client/runtime/org/jboss/resteasy/reactive/client/impl/multipart/QuarkusMultipartResponseDecoder.java,707,sonar:S138
independent-projects/resteasy-reactive/common/processor/org/jboss/resteasy/reactive/common/processor/EndpointIndexer.java,457,sonar:S107
independent-projects/resteasy-reactive/common/processor/org/jboss/resteasy/reactive/common/processor/EndpointIndexer.java,580,sonar:S138
independent-projects/resteasy-reactive/common/processor/org/jboss/resteasy/reactive/common/processor/EndpointIndexer.java,994,sonar:S107
independent-projects/resteasy-reactive/common/processor/org/jboss/resteasy/reactive/common/processor/EndpointIndexer.java,1269,sonar:S107
independent-projects/resteasy-reactive/common/processor/org/jboss/resteasy/reactive/common/processor/EndpointIndexer.java,1269,sonar:S138
independent-projects/resteasy-reactive/common/processor/org/jboss/resteasy/reactive/common/processor/EndpointIndexer.java,1600,sonar:S107
independent-projects/resteasy-reactive/common/processor/org/jboss/resteasy/reactive/common/processor/scanning/ApplicationScanningResult.java,22,sonar:S107
independent-projects/resteasy-reactive/common/processor/org/jboss/resteasy/reactive/common/processor/scanning/ResourceScanningResult.java,25,sonar:S107
independent-projects/resteasy-reactive/common/processor/org/jboss/resteasy/reactive/common/processor/scanning/ResteasyReactiveScanner.java,232,sonar:S138
independent-projects/resteasy-reactive/common/runtime/org/jboss/resteasy/reactive/common/core/AbstractResteasyReactiveContext.java,135,sonar:S138
independent-projects/resteasy-reactive/common/runtime/org/jboss/resteasy/reactive/common/headers/ServerCookie.java,150,sonar:S107
independent-projects/resteasy-reactive/common/runtime/org/jboss/resteasy/reactive/common/jaxrs/ConfigurationImpl.java,227,sonar:S138
independent-projects/resteasy-reactive/common/runtime/org/jboss/resteasy/reactive/common/jaxrs/ConfigurationImpl.java,362,sonar:S138
independent-projects/resteasy-reactive/common/runtime/org/jboss/resteasy/reactive/common/model/MethodParameter.java,33,sonar:S107
independent-projects/resteasy-reactive/common/runtime/org/jboss/resteasy/reactive/common/model/ResourceMethod.java,80,sonar:S107
independent-projects/resteasy-reactive/common/runtime/org/jboss/resteasy/reactive/common/util/URLUtils.java,93,sonar:S138
independent-projects/resteasy-reactive/server/processor/org/jboss/resteasy/reactive/server/processor/ResteasyReactiveDeploymentManager.java,209,sonar:S138
independent-projects/resteasy-reactive/server/processor/org/jboss/resteasy/reactive/server/processor/ResteasyReactiveDeploymentManager.java,387,sonar:S138
independent-projects/resteasy-reactive/server/processor/org/jboss/resteasy/reactive/server/processor/ScannedApplication.java,34,sonar:S107
independent-projects/resteasy-reactive/server/processor/org/jboss/resteasy/reactive/server/processor/ServerEndpointIndexer.java,367,sonar:S138
independent-projects/resteasy-reactive/server/processor/org/jboss/resteasy/reactive/server/processor/generation/exceptionmappers/ServerExceptionMapperGenerator.java,460,sonar:S107
independent-projects/resteasy-reactive/server/processor/org/jboss/resteasy/reactive/server/processor/generation/exceptionmappers/ServerExceptionMapperGenerator.java,507,sonar:S107
independent-projects/resteasy-reactive/server/processor/org/jboss/resteasy/reactive/server/processor/generation/exceptionmappers/ServerExceptionMapperGenerator.java,540,sonar:S107
independent-projects/resteasy-reactive/server/processor/org/jboss/resteasy/reactive/server/processor/generation/filters/CustomFilterGenerator.java,204,sonar:S138
independent-projects/resteasy-reactive/server/processor/org/jboss/resteasy/reactive/server/processor/generation/filters/FilterGeneration.java,25,sonar:S138
independent-projects/resteasy-reactive/server/processor/org/jboss/resteasy/reactive/server/processor/generation/filters/FilterGeneration.java,144,sonar:S107
independent-projects/resteasy-reactive/server/processor/org/jboss/resteasy/reactive/server/processor/generation/multipart/FormDataOutputMapperGenerator.java,136,sonar:S138
independent-projects/resteasy-reactive/server/processor/org/jboss/resteasy/reactive/server/processor/scanning/ClassInjectorTransformer.java,236,sonar:S138
independent-projects/resteasy-reactive/server/processor/org/jboss/resteasy/reactive/server/processor/scanning/ClassInjectorTransformer.java,671,sonar:S138
independent-projects/resteasy-reactive/server/processor/org/jboss/resteasy/reactive/server/processor/scanning/ClassInjectorTransformer.java,671,sonar:S107
independent-projects/resteasy-reactive/server/processor/org/jboss/resteasy/reactive/server/processor/scanning/ClassInjectorTransformer.java,793,sonar:S138
independent-projects/resteasy-reactive/server/processor/org/jboss/resteasy/reactive/server/processor/scanning/ClassInjectorTransformer.java,1048,sonar:S107
independent-projects/resteasy-reactive/server/runtime/org/jboss/resteasy/reactive/server/core/Deployment.java,56,sonar:S107
independent-projects/resteasy-reactive/server/runtime/org/jboss/resteasy/reactive/server/core/multipart/FormEncodedDataDefinition.java,119,sonar:S138
independent-projects/resteasy-reactive/server/runtime/org/jboss/resteasy/reactive/server/core/multipart/MultiPartParserDefinition.java,201,sonar:S107
independent-projects/resteasy-reactive/server/runtime/org/jboss/resteasy/reactive/server/core/serialization/DynamicEntityWriter.java,35,sonar:S138
independent-projects/resteasy-reactive/server/runtime/org/jboss/resteasy/reactive/server/core/startup/RuntimeDeploymentManager.java,82,sonar:S138
independent-projects/resteasy-reactive/server/runtime/org/jboss/resteasy/reactive/server/core/startup/RuntimeResourceDeployment.java,144,sonar:S138
independent-projects/resteasy-reactive/server/runtime/org/jboss/resteasy/reactive/server/handlers/ClassRoutingHandler.java,46,sonar:S138
independent-projects/resteasy-reactive/server/runtime/org/jboss/resteasy/reactive/server/handlers/ResourceLocatorHandler.java,37,sonar:S138
independent-projects/resteasy-reactive/server/runtime/org/jboss/resteasy/reactive/server/handlers/ResponseHandler.java,47,sonar:S138
independent-projects/resteasy-reactive/server/runtime/org/jboss/resteasy/reactive/server/mapping/RequestMapper.java,117,sonar:S138
independent-projects/resteasy-reactive/server/runtime/org/jboss/resteasy/reactive/server/mapping/RuntimeResource.java,41,sonar:S107
independent-projects/resteasy-reactive/server/runtime/org/jboss/resteasy/reactive/server/mapping/URITemplate.java,33,sonar:S138
independent-projects/resteasy-reactive/server/runtime/org/jboss/resteasy/reactive/server/model/ServerMethodParameter.java,18,sonar:S107
independent-projects/resteasy-reactive/server/runtime/org/jboss/resteasy/reactive/server/model/ServerResourceMethod.java,27,sonar:S107
independent-projects/resteasy-reactive/server/runtime/org/jboss/resteasy/reactive/server/spi/DefaultRuntimeConfiguration.java,13,sonar:S107
independent-projects/resteasy-reactive/server/runtime/org/jboss/resteasy/reactive/server/util/ScoreSystem.java,43,sonar:S107
independent-projects/tools/devtools-common/io/quarkus/devtools/commands/CreateExtension.java,254,sonar:S138
independent-projects/tools/devtools-common/io/quarkus/devtools/commands/handlers/AddExtensionsCommandHandler.java,106,sonar:S138
independent-projects/tools/devtools-common/io/quarkus/devtools/commands/handlers/ListExtensionsCommandHandler.java,50,sonar:S138
independent-projects/tools/devtools-common/io/quarkus/devtools/commands/handlers/ProjectInfoCommandHandler.java,50,sonar:S138
independent-projects/tools/devtools-common/io/quarkus/devtools/commands/handlers/UpdateProjectCommandHandler.java,54,sonar:S138
independent-projects/tools/devtools-common/io/quarkus/devtools/commands/handlers/UpdateProjectCommandHandler.java,247,sonar:S138
independent-projects/tools/devtools-common/io/quarkus/devtools/project/buildfile/MavenProjectBuildFile.java,81,sonar:S107
independent-projects/tools/devtools-common/io/quarkus/devtools/project/state/ProjectStates.java,26,sonar:S138
independent-projects/tools/devtools-common/io/quarkus/devtools/project/update/ProjectUpdateInfos.java,91,sonar:S138
independent-projects/tools/devtools-common/io/quarkus/devtools/project/update/rewrite/QuarkusUpdateCommand.java,53,sonar:S107
independent-projects/tools/devtools-common/io/quarkus/devtools/project/update/rewrite/QuarkusUpdatesRepository.java,49,sonar:S107
independent-projects/tools/devtools-common/io/quarkus/platform/tools/ToolsUtils.java,121,sonar:S138
independent-projects/tools/registry-client/io/quarkus/registry/ExtensionCatalogResolver.java,654,sonar:S138
